id,name,gender,city_id,country_id,car_id,car_year,_created,_updated
1,Benton Kesby,M,504,1,251,1988,2020-04-20 17:01:03,2020-04-20 17:01:03
2,Toma Fagan,F,531,1,170,2012,2020-04-20 17:01:03,2020-04-20 17:01:03
3,Dari Cowderoy,F,532,1,431,1996,2020-04-20 17:01:03,2020-04-20 17:01:03
4,Betty Hovenden,F,649,1,207,1988,2020-04-20 17:01:03,2020-04-20 17:01:03
5,Micaela Kaye,F,881,1,35,2002,2020-04-20 17:01:03,2020-04-20 17:01:03
6,Oran Najara,M,136,2,247,2000,2020-04-20 17:01:03,2020-04-20 17:01:03
7,Caprice Sturridge,F,134,3,366,2008,2020-04-20 17:01:03,2020-04-20 17:01:03
8,Bevon McComish,M,226,3,390,2005,2020-04-20 17:01:03,2020-04-20 17:01:03
9,Enrico Shafto,M,233,3,21,1987,2020-04-20 17:01:03,2020-04-20 17:01:03
10,Allison Sleith,F,340,3,406,1995,2020-04-20 17:01:03,2020-04-20 17:01:03
11,Belva Bowstead,F,433,3,300,2012,2020-04-20 17:01:03,2020-04-20 17:01:03
12,Waring MacRury,M,460,3,100,1996,2020-04-20 17:01:03,2020-04-20 17:01:03
13,Mellie Kitteringham,F,639,3,217,1993,2020-04-20 17:01:03,2020-04-20 17:01:03
14,Odilia Stuehmeier,F,664,3,119,1956,2020-04-20 17:01:03,2020-04-20 17:01:03
15,Obadias Chevolleau,M,676,3,407,1993,2020-04-20 17:01:03,2020-04-20 17:01:03
16,Aviva Hovie,F,677,3,361,1989,2020-04-20 17:01:03,2020-04-20 17:01:03
17,Hurlee Gerler,M,702,3,305,1996,2020-04-20 17:01:03,2020-04-20 17:01:03
18,Drucie Jowle,F,891,3,401,1991,2020-04-20 17:01:03,2020-04-20 17:01:03
19,Smitty Paddington,M,899,3,213,1963,2020-04-20 17:01:03,2020-04-20 17:01:03
20,Melony Bollin,F,900,3,375,2001,2020-04-20 17:01:03,2020-04-20 17:01:03
21,Daisi Jebb,F,2,4,6,1998,2020-04-20 17:01:03,2020-04-20 17:01:03
22,Marybelle Austick,F,225,4,70,1994,2020-04-20 17:01:03,2020-04-20 17:01:03
23,Alonso Manville,M,263,4,495,1989,2020-04-20 17:01:03,2020-04-20 17:01:03
24,Darwin Drennan,M,888,4,59,1994,2020-04-20 17:01:03,2020-04-20 17:01:03
25,Brad Scheffel,M,41,5,337,1994,2020-04-20 17:01:03,2020-04-20 17:01:03
26,Branden Silversmidt,M,658,5,208,1994,2020-04-20 17:01:03,2020-04-20 17:01:03
27,Dov Mangeon,M,703,5,192,2001,2020-04-20 17:01:03,2020-04-20 17:01:03
28,Stanislaw Culshaw,M,9,6,66,2008,2020-04-20 17:01:03,2020-04-20 17:01:03
29,Raychel Patington,F,351,6,140,2005,2020-04-20 17:01:03,2020-04-20 17:01:03
30,Joseph Duncombe,M,337,7,12,1993,2020-04-20 17:01:03,2020-04-20 17:01:03
31,Joleen Hackly,F,278,8,377,2011,2020-04-20 17:01:03,2020-04-20 17:01:03
32,Kimberlee Lampen,F,334,9,425,2002,2020-04-20 17:01:03,2020-04-20 17:01:03
33,Tybalt Stonebridge,M,969,9,402,2004,2020-04-20 17:01:03,2020-04-20 17:01:03
34,Lennard Sircombe,M,262,10,384,1992,2020-04-20 17:01:03,2020-04-20 17:01:03
35,Brannon Itshak,M,494,11,86,1994,2020-04-20 17:01:03,2020-04-20 17:01:03
36,Kory Reeday,M,698,11,277,1996,2020-04-20 17:01:03,2020-04-20 17:01:03
37,Delmor Scannell,M,859,12,381,1997,2020-04-20 17:01:03,2020-04-20 17:01:03
38,Anjanette Ricciardi,F,280,13,287,1995,2020-04-20 17:01:03,2020-04-20 17:01:03
39,Kacy Pemble,F,362,13,301,1996,2020-04-20 17:01:03,2020-04-20 17:01:03
40,Hanan Tennick,M,113,14,167,2001,2020-04-20 17:01:03,2020-04-20 17:01:03
41,Aime McEneny,F,793,14,92,2004,2020-04-20 17:01:03,2020-04-20 17:01:03
42,Mac Childs,M,839,14,396,2003,2020-04-20 17:01:03,2020-04-20 17:01:03
43,Denver Farny,M,338,15,237,2008,2020-04-20 17:01:03,2020-04-20 17:01:03
44,Jack Sandifer,M,454,15,61,2004,2020-04-20 17:01:03,2020-04-20 17:01:03
45,Olivero Arter,M,21,16,181,1997,2020-04-20 17:01:03,2020-04-20 17:01:03
46,Jewell Boshers,F,29,16,49,2011,2020-04-20 17:01:03,2020-04-20 17:01:03
47,Cariotta L'argent,F,36,16,373,1986,2020-04-20 17:01:03,2020-04-20 17:01:03
48,Skye Veld,M,101,16,110,1990,2020-04-20 17:01:03,2020-04-20 17:01:03
49,Farrah Robertucci,F,128,16,325,1994,2020-04-20 17:01:03,2020-04-20 17:01:03
50,Lorie Kunrad,F,129,16,93,1976,2020-04-20 17:01:03,2020-04-20 17:01:03
51,Janifer Bunch,F,141,16,112,2012,2020-04-20 17:01:03,2020-04-20 17:01:03
52,Luci Pickrill,F,182,16,404,2006,2020-04-20 17:01:03,2020-04-20 17:01:03
53,Blake Bright,F,183,16,344,1987,2020-04-20 17:01:03,2020-04-20 17:01:03
54,Ninnetta Martello,F,186,16,383,2008,2020-04-20 17:01:03,2020-04-20 17:01:03
55,Clayton Kidstoun,M,227,16,379,2004,2020-04-20 17:01:03,2020-04-20 17:01:03
56,Sybyl Matura,F,228,16,81,2011,2020-04-20 17:01:03,2020-04-20 17:01:03
57,Sharon Fores,F,255,16,44,2012,2020-04-20 17:01:03,2020-04-20 17:01:03
58,Dennis O'Grogane,M,270,16,166,1999,2020-04-20 17:01:03,2020-04-20 17:01:03
59,Danit Gratrix,F,332,16,197,1996,2020-04-20 17:01:03,2020-04-20 17:01:03
60,Ursula Cockren,F,366,16,16,1993,2020-04-20 17:01:03,2020-04-20 17:01:03
61,Gery Mallinder,M,366,16,449,1994,2020-04-20 17:01:03,2020-04-20 17:01:03
62,Tony Blagbrough,M,447,16,380,2006,2020-04-20 17:01:03,2020-04-20 17:01:03
63,Gipsy Rehor,F,503,16,55,1999,2020-04-20 17:01:03,2020-04-20 17:01:03
64,Georgette Evetts,F,505,16,99,1996,2020-04-20 17:01:03,2020-04-20 17:01:03
65,Jens Masserel,M,516,16,6,1995,2020-04-20 17:01:03,2020-04-20 17:01:03
66,Henderson Coppens,M,561,16,266,1993,2020-04-20 17:01:03,2020-04-20 17:01:03
67,Mendy Domengue,M,576,16,243,2009,2020-04-20 17:01:03,2020-04-20 17:01:03
68,Arlyne Bodega,F,600,16,5,1997,2020-04-20 17:01:03,2020-04-20 17:01:03
69,Neely Scurrey,F,631,16,167,1999,2020-04-20 17:01:03,2020-04-20 17:01:03
70,Sonni Golsby,F,636,16,435,2007,2020-04-20 17:01:03,2020-04-20 17:01:03
71,Lacie Jancy,F,638,16,127,2008,2020-04-20 17:01:03,2020-04-20 17:01:03
72,Wilie Vasnev,F,679,16,181,2007,2020-04-20 17:01:03,2020-04-20 17:01:03
73,Egon Kleehuhler,M,720,16,204,2007,2020-04-20 17:01:03,2020-04-20 17:01:03
74,Rosabel Cersey,F,724,16,58,2006,2020-04-20 17:01:03,2020-04-20 17:01:03
75,Ettie Bergstram,F,777,16,426,1998,2020-04-20 17:01:03,2020-04-20 17:01:03
76,Nicol Loblie,M,843,16,292,1993,2020-04-20 17:01:03,2020-04-20 17:01:03
77,Noelani Sanderson,F,864,16,371,2009,2020-04-20 17:01:03,2020-04-20 17:01:03
78,Sherie Sallnow,F,873,16,305,2012,2020-04-20 17:01:03,2020-04-20 17:01:03
79,Stirling Tamblyn,M,904,16,228,2006,2020-04-20 17:01:03,2020-04-20 17:01:03
80,Bronson Naismith,M,49,17,453,1998,2020-04-20 17:01:03,2020-04-20 17:01:03
81,Massimo Wase,M,285,17,95,2003,2020-04-20 17:01:03,2020-04-20 17:01:03
82,Reinald Pote,M,410,17,210,1999,2020-04-20 17:01:03,2020-04-20 17:01:03
83,Corri Yashanov,F,691,17,218,1969,2020-04-20 17:01:03,2020-04-20 17:01:03
84,Lib Hubatsch,F,863,17,374,1986,2020-04-20 17:01:03,2020-04-20 17:01:03
85,Padriac Curedale,M,606,18,119,1975,2020-04-20 17:01:03,2020-04-20 17:01:03
86,Brooks Klishin,F,764,18,364,1996,2020-04-20 17:01:03,2020-04-20 17:01:03
87,Che Usmar,M,257,19,498,2001,2020-04-20 17:01:03,2020-04-20 17:01:03
88,Kelbee Alldritt,M,372,19,213,1966,2020-04-20 17:01:03,2020-04-20 17:01:03
89,Kelila Sears,F,25,20,203,2003,2020-04-20 17:01:03,2020-04-20 17:01:03
90,Delphine Corston,F,179,20,333,2004,2020-04-20 17:01:03,2020-04-20 17:01:03
91,Kimberlyn Lippett,F,275,20,419,1986,2020-04-20 17:01:03,2020-04-20 17:01:03
92,Zondra Mathan,F,456,20,367,2012,2020-04-20 17:01:03,2020-04-20 17:01:03
93,Claretta Pideon,F,542,20,151,1995,2020-04-20 17:01:03,2020-04-20 17:01:03
94,Thom Lithgow,M,811,20,177,2001,2020-04-20 17:01:03,2020-04-20 17:01:03
95,Meier Blackleech,M,875,20,283,1995,2020-04-20 17:01:03,2020-04-20 17:01:03
96,Bryon Chastang,M,108,21,123,2003,2020-04-20 17:01:03,2020-04-20 17:01:03
97,Ulric Traill,M,33,22,213,1974,2020-04-20 17:01:03,2020-04-20 17:01:03
98,Klarika Pluthero,F,648,22,472,2008,2020-04-20 17:01:03,2020-04-20 17:01:03
99,Ripley Van Rembrandt,M,668,22,375,2004,2020-04-20 17:01:03,2020-04-20 17:01:03
100,Elton Paddock,M,837,22,52,2011,2020-04-20 17:01:03,2020-04-20 17:01:03
101,Kenna Muttitt,F,838,22,212,2002,2020-04-20 17:01:03,2020-04-20 17:01:03
102,Gino Mitcheson,M,51,23,210,2005,2020-04-20 17:01:03,2020-04-20 17:01:03
103,Dedra Pfeffer,F,52,23,500,2012,2020-04-20 17:01:03,2020-04-20 17:01:03
104,Tades Hamlington,M,53,23,97,1995,2020-04-20 17:01:03,2020-04-20 17:01:03
105,Nobie Glede,M,54,23,361,2006,2020-04-20 17:01:03,2020-04-20 17:01:03
106,Gertie Meaking,F,56,23,31,2009,2020-04-20 17:01:03,2020-04-20 17:01:03
107,Evey Puden,F,57,23,158,2009,2020-04-20 17:01:03,2020-04-20 17:01:03
108,Danika McNirlan,F,59,23,362,1996,2020-04-20 17:01:03,2020-04-20 17:01:03
109,Rafaellle Zannotti,M,70,23,394,1993,2020-04-20 17:01:03,2020-04-20 17:01:03
110,Laurel Dallyn,F,73,23,236,2003,2020-04-20 17:01:03,2020-04-20 17:01:03
111,Annora Domeny,F,82,23,261,2001,2020-04-20 17:01:03,2020-04-20 17:01:03
112,Danyette McCaffery,F,83,23,402,1999,2020-04-20 17:01:03,2020-04-20 17:01:03
113,Roberto Gillice,M,93,23,89,2005,2020-04-20 17:01:03,2020-04-20 17:01:03
114,Beret Crotch,F,96,23,369,2007,2020-04-20 17:01:03,2020-04-20 17:01:03
115,Jolene Van der Baaren,F,132,23,350,1992,2020-04-20 17:01:03,2020-04-20 17:01:03
116,Fenelia Rushmere,F,132,23,79,1998,2020-04-20 17:01:03,2020-04-20 17:01:03
117,Flore Greig,F,139,23,26,1958,2020-04-20 17:01:03,2020-04-20 17:01:03
118,Bernetta Rackley,F,150,23,397,2005,2020-04-20 17:01:03,2020-04-20 17:01:03
119,Pansy Seymer,F,151,23,7,2011,2020-04-20 17:01:03,2020-04-20 17:01:03
120,Flo Tomczykiewicz,F,152,23,51,1988,2020-04-20 17:01:03,2020-04-20 17:01:03
121,Nollie Walles,M,155,23,402,1997,2020-04-20 17:01:03,2020-04-20 17:01:03
122,Meredith Babon,M,157,23,459,2010,2020-04-20 17:01:03,2020-04-20 17:01:03
123,Mirabella Jarry,F,157,23,309,1985,2020-04-20 17:01:03,2020-04-20 17:01:03
124,Lombard Golton,M,158,23,165,1990,2020-04-20 17:01:03,2020-04-20 17:01:03
125,Lawry Tunnadine,M,171,23,53,1994,2020-04-20 17:01:03,2020-04-20 17:01:03
126,Millie Toogood,F,189,23,275,2013,2020-04-20 17:01:03,2020-04-20 17:01:03
127,Andres Kennagh,M,191,23,408,2009,2020-04-20 17:01:03,2020-04-20 17:01:03
128,Husain Raddan,M,192,23,48,2008,2020-04-20 17:01:03,2020-04-20 17:01:03
129,Fulton Foffano,M,193,23,481,1989,2020-04-20 17:01:03,2020-04-20 17:01:03
130,Rodina Petrina,F,197,23,182,1965,2020-04-20 17:01:03,2020-04-20 17:01:03
131,Genovera Orans,F,199,23,259,2010,2020-04-20 17:01:03,2020-04-20 17:01:03
132,Helsa Berkery,F,204,23,80,2009,2020-04-20 17:01:03,2020-04-20 17:01:03
133,Larine Shaxby,F,207,23,265,2006,2020-04-20 17:01:03,2020-04-20 17:01:03
134,Patrice Antonignetti,M,209,23,242,2003,2020-04-20 17:01:03,2020-04-20 17:01:03
135,Caty Lomaz,F,211,23,305,2004,2020-04-20 17:01:03,2020-04-20 17:01:03
136,Teressa Stobie,F,212,23,156,2004,2020-04-20 17:01:03,2020-04-20 17:01:03
137,Julita Hannen,F,213,23,66,2007,2020-04-20 17:01:03,2020-04-20 17:01:03
138,Vic Tunnicliff,M,214,23,221,1993,2020-04-20 17:01:03,2020-04-20 17:01:03
139,Murdoch Gilfether,M,215,23,150,2000,2020-04-20 17:01:03,2020-04-20 17:01:03
140,Zachariah Reburn,M,216,23,102,2010,2020-04-20 17:01:03,2020-04-20 17:01:03
141,Skipp Prosser,M,217,23,482,2011,2020-04-20 17:01:03,2020-04-20 17:01:03
142,Isidro Tippell,M,230,23,311,2005,2020-04-20 17:01:03,2020-04-20 17:01:03
143,Branden Dunbleton,M,231,23,9,1995,2020-04-20 17:01:03,2020-04-20 17:01:03
144,Feliks Bettaney,M,232,23,119,1963,2020-04-20 17:01:03,2020-04-20 17:01:03
145,Heather Abyss,F,238,23,319,1992,2020-04-20 17:01:03,2020-04-20 17:01:03
146,Jandy Antunes,F,239,23,492,2013,2020-04-20 17:01:03,2020-04-20 17:01:03
147,Cristi Brosi,F,246,23,479,2006,2020-04-20 17:01:03,2020-04-20 17:01:03
148,Fiorenze Hellard,F,248,23,40,1995,2020-04-20 17:01:03,2020-04-20 17:01:03
149,Quent Lago,M,252,23,209,1995,2020-04-20 17:01:03,2020-04-20 17:01:03
150,Bruis Sartin,M,253,23,117,1993,2020-04-20 17:01:03,2020-04-20 17:01:03
151,Evered McGettrick,M,254,23,358,2006,2020-04-20 17:01:03,2020-04-20 17:01:03
152,Ringo Ledingham,M,259,23,140,2003,2020-04-20 17:01:03,2020-04-20 17:01:03
153,Stavros Dearlove,M,281,23,255,2007,2020-04-20 17:01:03,2020-04-20 17:01:03
154,Rolando Caverhill,M,283,23,97,1989,2020-04-20 17:01:03,2020-04-20 17:01:03
155,Emlynne Assel,F,284,23,379,1997,2020-04-20 17:01:03,2020-04-20 17:01:03
156,Quillan Hammond,M,288,23,226,2011,2020-04-20 17:01:03,2020-04-20 17:01:03
157,Briant De Paoli,M,291,23,42,1995,2020-04-20 17:01:03,2020-04-20 17:01:03
158,Kippy MacNally,F,292,23,327,2011,2020-04-20 17:01:03,2020-04-20 17:01:03
159,Ivory Cornelissen,F,294,23,463,2006,2020-04-20 17:01:03,2020-04-20 17:01:03
160,Vanessa Siman,F,295,23,314,2008,2020-04-20 17:01:03,2020-04-20 17:01:03
161,Kyle Gallimore,F,295,23,447,1999,2020-04-20 17:01:03,2020-04-20 17:01:03
162,Fonzie Shoppee,M,296,23,493,2008,2020-04-20 17:01:03,2020-04-20 17:01:03
163,Chester Laver,M,297,23,414,2010,2020-04-20 17:01:03,2020-04-20 17:01:03
164,Jacinthe Earney,F,301,23,329,2008,2020-04-20 17:01:03,2020-04-20 17:01:03
165,Christie Smouten,M,305,23,344,1997,2020-04-20 17:01:03,2020-04-20 17:01:03
166,Chastity Chestnut,F,306,23,359,1984,2020-04-20 17:01:03,2020-04-20 17:01:03
167,Steffie Millis,F,307,23,296,1973,2020-04-20 17:01:03,2020-04-20 17:01:03
168,Janaye Walewski,F,308,23,8,1999,2020-04-20 17:01:03,2020-04-20 17:01:03
169,Paulo Allatt,M,309,23,63,2008,2020-04-20 17:01:03,2020-04-20 17:01:03
170,Flem Dymick,M,310,23,300,2010,2020-04-20 17:01:03,2020-04-20 17:01:03
171,Stella Trimnell,F,312,23,337,1993,2020-04-20 17:01:03,2020-04-20 17:01:03
172,William Jewer,M,313,23,274,2006,2020-04-20 17:01:03,2020-04-20 17:01:03
173,Merrily Landor,F,314,23,424,1996,2020-04-20 17:01:03,2020-04-20 17:01:03
174,Lynett Rubertelli,F,315,23,46,2007,2020-04-20 17:01:03,2020-04-20 17:01:03
175,Lauren Handley,M,343,23,429,1995,2020-04-20 17:01:03,2020-04-20 17:01:03
176,Killian Carding,M,345,23,102,2005,2020-04-20 17:01:03,2020-04-20 17:01:03
177,Adolph Breedy,M,346,23,393,2006,2020-04-20 17:01:03,2020-04-20 17:01:03
178,Kincaid Maffulli,M,347,23,325,1998,2020-04-20 17:01:03,2020-04-20 17:01:03
179,Dominic Darkin,M,348,23,45,2003,2020-04-20 17:01:03,2020-04-20 17:01:03
180,Lucias Writer,M,349,23,322,2002,2020-04-20 17:01:03,2020-04-20 17:01:03
181,Marketa Smiths,F,350,23,205,1985,2020-04-20 17:01:03,2020-04-20 17:01:03
182,Dorelle Bartoletti,F,352,23,123,2003,2020-04-20 17:01:03,2020-04-20 17:01:03
183,Erhart Deas,M,354,23,345,2003,2020-04-20 17:01:03,2020-04-20 17:01:03
184,Stevy Lumbley,M,356,23,40,1995,2020-04-20 17:01:03,2020-04-20 17:01:03
185,Luis Clemetts,M,357,23,46,2006,2020-04-20 17:01:03,2020-04-20 17:01:03
186,Malanie Rowsel,F,358,23,272,2009,2020-04-20 17:01:03,2020-04-20 17:01:03
187,Lidia Bisgrove,F,359,23,412,2002,2020-04-20 17:01:03,2020-04-20 17:01:03
188,Yvor Biever,M,408,23,459,2007,2020-04-20 17:01:03,2020-04-20 17:01:03
189,Cheryl Cesaric,F,444,23,191,2004,2020-04-20 17:01:03,2020-04-20 17:01:03
190,Lee Fullicks,M,452,23,280,2001,2020-04-20 17:01:03,2020-04-20 17:01:03
191,Austin Coatsworth,M,458,23,484,2008,2020-04-20 17:01:03,2020-04-20 17:01:03
192,Arlan Bloodworth,M,465,23,396,2004,2020-04-20 17:01:03,2020-04-20 17:01:03
193,Bond Pley,M,466,23,336,1997,2020-04-20 17:01:03,2020-04-20 17:01:03
194,Ronnie Massow,F,473,23,212,1997,2020-04-20 17:01:03,2020-04-20 17:01:03
195,Bonnie Shoobridge,F,474,23,312,2007,2020-04-20 17:01:03,2020-04-20 17:01:03
196,Rorie Klaaassen,F,475,23,368,2003,2020-04-20 17:01:03,2020-04-20 17:01:03
197,Hi Pow,M,483,23,213,1994,2020-04-20 17:01:03,2020-04-20 17:01:03
198,Osbourne Fairbridge,M,485,23,149,2003,2020-04-20 17:01:03,2020-04-20 17:01:03
199,Cos Desvignes,M,510,23,126,2006,2020-04-20 17:01:03,2020-04-20 17:01:03
200,Madge Gardiner,F,513,23,448,2000,2020-04-20 17:01:03,2020-04-20 17:01:03
201,Mose Gilhoolie,M,517,23,355,2011,2020-04-20 17:01:03,2020-04-20 17:01:03
202,Falkner Allicock,M,535,23,111,2010,2020-04-20 17:01:03,2020-04-20 17:01:03
203,Everett Munro,M,536,23,144,1995,2020-04-20 17:01:03,2020-04-20 17:01:03
204,Gearard Dunan,M,543,23,395,2007,2020-04-20 17:01:03,2020-04-20 17:01:03
205,Ryon Moxted,M,544,23,434,2002,2020-04-20 17:01:03,2020-04-20 17:01:03
206,Husain Scaice,M,545,23,135,1993,2020-04-20 17:01:03,2020-04-20 17:01:03
207,Hilarius Ziemen,M,546,23,179,1993,2020-04-20 17:01:03,2020-04-20 17:01:03
208,Matteo Wick,M,548,23,39,1989,2020-04-20 17:01:03,2020-04-20 17:01:03
209,Hobey Baldry,M,558,23,348,1992,2020-04-20 17:01:03,2020-04-20 17:01:03
210,Bradly Gowthrop,M,583,23,149,1990,2020-04-20 17:01:03,2020-04-20 17:01:03
211,Hulda Vankeev,F,621,23,246,2010,2020-04-20 17:01:03,2020-04-20 17:01:03
212,Caryn Peto,F,623,23,176,2008,2020-04-20 17:01:03,2020-04-20 17:01:03
213,Ginger Ayto,M,624,23,502,2006,2020-04-20 17:01:03,2020-04-20 17:01:03
214,Perle Fassan,F,655,23,484,2003,2020-04-20 17:01:03,2020-04-20 17:01:03
215,Tim Antonik,M,656,23,68,2006,2020-04-20 17:01:03,2020-04-20 17:01:03
216,Prissie Hallen,F,657,23,301,1997,2020-04-20 17:01:03,2020-04-20 17:01:03
217,Jedd Sandbrook,M,659,23,160,2000,2020-04-20 17:01:03,2020-04-20 17:01:03
218,Dagmar Pilbeam,F,675,23,450,2004,2020-04-20 17:01:03,2020-04-20 17:01:03
219,Erie Grosier,M,684,23,158,2010,2020-04-20 17:01:03,2020-04-20 17:01:03
220,Vidovic Boutellier,M,694,23,152,2011,2020-04-20 17:01:03,2020-04-20 17:01:03
221,Lenee Janssen,F,704,23,343,2008,2020-04-20 17:01:03,2020-04-20 17:01:03
222,Ibby Romaine,F,716,23,348,1993,2020-04-20 17:01:03,2020-04-20 17:01:03
223,Sara Zoane,F,717,23,347,2005,2020-04-20 17:01:03,2020-04-20 17:01:03
224,Gustavo Goreway,M,718,23,234,1998,2020-04-20 17:01:03,2020-04-20 17:01:03
225,Christoforo Phin,M,719,23,295,2002,2020-04-20 17:01:03,2020-04-20 17:01:03
226,Alane Harkin,F,738,23,273,2007,2020-04-20 17:01:03,2020-04-20 17:01:03
227,Marguerite Giles,F,739,23,19,2005,2020-04-20 17:01:03,2020-04-20 17:01:03
228,Val Rivlin,F,742,23,254,1996,2020-04-20 17:01:03,2020-04-20 17:01:03
229,Idaline Rosterne,F,743,23,15,1997,2020-04-20 17:01:03,2020-04-20 17:01:03
230,Etti Vase,F,744,23,31,1995,2020-04-20 17:01:03,2020-04-20 17:01:03
231,Ambrosio Maton,M,747,23,496,2004,2020-04-20 17:01:03,2020-04-20 17:01:03
232,Layton Shilton,M,748,23,373,2008,2020-04-20 17:01:03,2020-04-20 17:01:03
233,Donnajean Geraudel,F,751,23,107,2007,2020-04-20 17:01:03,2020-04-20 17:01:03
234,Yasmin Yankin,F,752,23,73,2005,2020-04-20 17:01:03,2020-04-20 17:01:03
235,Sergei Stothart,M,753,23,297,2007,2020-04-20 17:01:03,2020-04-20 17:01:03
236,Becki Grene,F,754,23,280,1997,2020-04-20 17:01:03,2020-04-20 17:01:03
237,Janessa Oertzen,F,755,23,307,2012,2020-04-20 17:01:03,2020-04-20 17:01:03
238,Carlos Francescozzi,M,756,23,153,2005,2020-04-20 17:01:03,2020-04-20 17:01:03
239,Dale McClunaghan,F,761,23,116,2003,2020-04-20 17:01:03,2020-04-20 17:01:03
240,Max Tissier,M,765,23,136,2004,2020-04-20 17:01:03,2020-04-20 17:01:03
241,Lowell Privett,M,783,23,195,2009,2020-04-20 17:01:03,2020-04-20 17:01:03
242,Lawry Zwicker,M,799,23,376,1993,2020-04-20 17:01:03,2020-04-20 17:01:03
243,Cross Eliet,M,800,23,257,2000,2020-04-20 17:01:03,2020-04-20 17:01:03
244,Juan Twoohy,M,806,23,385,2000,2020-04-20 17:01:03,2020-04-20 17:01:03
245,Leupold Favill,M,823,23,155,2012,2020-04-20 17:01:03,2020-04-20 17:01:03
246,Krisha Rounds,M,824,23,341,1993,2020-04-20 17:01:03,2020-04-20 17:01:03
247,Johnnie Stepto,M,827,23,258,1991,2020-04-20 17:01:03,2020-04-20 17:01:03
248,Cindee Flatley,F,832,23,366,2009,2020-04-20 17:01:03,2020-04-20 17:01:03
249,Gawen Habbema,M,845,23,447,1989,2020-04-20 17:01:03,2020-04-20 17:01:03
250,Dorie Skotcher,F,858,23,499,2007,2020-04-20 17:01:03,2020-04-20 17:01:03
251,Wheeler Laurenzi,M,868,23,486,2010,2020-04-20 17:01:03,2020-04-20 17:01:03
252,Iver Struthers,M,884,23,408,2009,2020-04-20 17:01:03,2020-04-20 17:01:03
253,Hughie Torr,M,912,23,193,2004,2020-04-20 17:01:03,2020-04-20 17:01:03
254,Nicole Amberson,F,917,23,195,2006,2020-04-20 17:01:03,2020-04-20 17:01:03
255,Maxine Biskup,F,924,23,316,1994,2020-04-20 17:01:03,2020-04-20 17:01:03
256,Berget Goard,F,925,23,149,1998,2020-04-20 17:01:03,2020-04-20 17:01:03
257,Morgana Keeler,F,926,23,15,1995,2020-04-20 17:01:03,2020-04-20 17:01:03
258,Leonora Guildford,F,927,23,96,2008,2020-04-20 17:01:03,2020-04-20 17:01:03
259,Ellsworth Turnock,M,928,23,9,1998,2020-04-20 17:01:03,2020-04-20 17:01:03
260,Rafi MacRanald,M,929,23,392,2006,2020-04-20 17:01:03,2020-04-20 17:01:03
261,Horten Gettone,M,930,23,91,2000,2020-04-20 17:01:03,2020-04-20 17:01:03
262,Lucie Brachell,F,931,23,362,1997,2020-04-20 17:01:03,2020-04-20 17:01:03
263,Boyce Richten,M,932,23,213,1985,2020-04-20 17:01:03,2020-04-20 17:01:03
264,Kylynn Robeson,F,934,23,201,1996,2020-04-20 17:01:03,2020-04-20 17:01:03
265,Brig Nabbs,M,935,23,196,1998,2020-04-20 17:01:03,2020-04-20 17:01:03
266,Tucker Duchesne,M,936,23,81,2000,2020-04-20 17:01:03,2020-04-20 17:01:03
267,Alvera Bailles,F,937,23,306,2006,2020-04-20 17:01:03,2020-04-20 17:01:03
268,Gaelan Kincey,M,938,23,40,1992,2020-04-20 17:01:03,2020-04-20 17:01:03
269,Gay Fettis,M,939,23,211,1998,2020-04-20 17:01:03,2020-04-20 17:01:03
270,Silvanus Faull,M,941,23,389,2007,2020-04-20 17:01:03,2020-04-20 17:01:03
271,Emeline Grigorini,F,942,23,2,1996,2020-04-20 17:01:03,2020-04-20 17:01:03
272,Jedediah Linnard,M,943,23,464,1992,2020-04-20 17:01:03,2020-04-20 17:01:03
273,Pierette Drains,F,949,23,487,2011,2020-04-20 17:01:03,2020-04-20 17:01:03
274,Antonino Scollard,M,950,23,194,2007,2020-04-20 17:01:03,2020-04-20 17:01:03
275,Verene Craft,F,950,23,205,1994,2020-04-20 17:01:03,2020-04-20 17:01:03
276,Garnet Strachan,F,951,23,238,1998,2020-04-20 17:01:03,2020-04-20 17:01:03
277,Jill Brumbie,F,952,23,88,2003,2020-04-20 17:01:03,2020-04-20 17:01:03
278,Wainwright Wilford,M,953,23,297,1992,2020-04-20 17:01:03,2020-04-20 17:01:03
279,Mechelle Edmott,F,954,23,380,2004,2020-04-20 17:01:03,2020-04-20 17:01:03
280,Klement MacRanald,M,955,23,76,1997,2020-04-20 17:01:03,2020-04-20 17:01:03
281,Lucio Burgot,M,956,23,211,2008,2020-04-20 17:01:03,2020-04-20 17:01:03
282,Nessa Creer,F,959,23,257,2003,2020-04-20 17:01:03,2020-04-20 17:01:03
283,Christine Fibbitts,F,961,23,273,1992,2020-04-20 17:01:03,2020-04-20 17:01:03
284,Neile Arckoll,F,962,23,285,2005,2020-04-20 17:01:03,2020-04-20 17:01:03
285,Wallace Kave,M,963,23,460,1985,2020-04-20 17:01:03,2020-04-20 17:01:03
286,Guthrey Spoole,M,964,23,57,2009,2020-04-20 17:01:03,2020-04-20 17:01:03
287,Thalia Watson,F,965,23,468,1996,2020-04-20 17:01:03,2020-04-20 17:01:03
288,Desi Scullard,M,966,23,270,2006,2020-04-20 17:01:03,2020-04-20 17:01:03
289,Jonie Fashion,F,967,23,15,1995,2020-04-20 17:01:03,2020-04-20 17:01:03
290,Robyn Spurnier,F,968,23,29,1997,2020-04-20 17:01:03,2020-04-20 17:01:03
291,Jodee Hatherall,F,970,23,445,2003,2020-04-20 17:01:03,2020-04-20 17:01:03
292,Isidora Mackinder,F,972,23,368,1995,2020-04-20 17:01:03,2020-04-20 17:01:03
293,Silas Pimmocke,M,973,23,238,1990,2020-04-20 17:01:03,2020-04-20 17:01:03
294,Teresita Steiner,F,11,24,174,1992,2020-04-20 17:01:03,2020-04-20 17:01:03
295,Mariquilla Haddon,F,11,24,240,2012,2020-04-20 17:01:03,2020-04-20 17:01:03
296,Bev Ower,M,17,24,327,2007,2020-04-20 17:01:03,2020-04-20 17:01:03
297,Kathryne Ingledew,F,84,24,55,2003,2020-04-20 17:01:03,2020-04-20 17:01:03
298,Bridie Pretswell,F,91,24,477,2004,2020-04-20 17:01:03,2020-04-20 17:01:03
299,Hildegaard Claw,F,115,24,77,1988,2020-04-20 17:01:03,2020-04-20 17:01:03
300,Branden Moxom,M,143,24,153,2004,2020-04-20 17:01:03,2020-04-20 17:01:03
301,Brenna Gery,F,170,24,478,1976,2020-04-20 17:01:03,2020-04-20 17:01:03
302,Wendi Birdall,F,432,24,41,1991,2020-04-20 17:01:03,2020-04-20 17:01:03
303,Beauregard Faye,M,478,24,131,2011,2020-04-20 17:01:03,2020-04-20 17:01:03
304,Siegfried Gouck,M,568,24,466,1994,2020-04-20 17:01:03,2020-04-20 17:01:03
305,Yorker Brownsell,M,569,24,54,1994,2020-04-20 17:01:03,2020-04-20 17:01:03
306,Karel Aveyard,M,593,24,244,2011,2020-04-20 17:01:03,2020-04-20 17:01:03
307,Allie Goring,M,971,24,390,2004,2020-04-20 17:01:03,2020-04-20 17:01:03
308,Madge Le Page,F,333,25,102,2010,2020-04-20 17:01:03,2020-04-20 17:01:03
309,Lenna Diggell,F,459,26,189,2010,2020-04-20 17:01:03,2020-04-20 17:01:03
310,Denise Ambrogioni,F,464,26,372,2005,2020-04-20 17:01:03,2020-04-20 17:01:03
311,Iseabal Iannello,F,602,26,219,1993,2020-04-20 17:01:03,2020-04-20 17:01:03
312,Jacob Schustl,M,629,26,209,1992,2020-04-20 17:01:03,2020-04-20 17:01:03
313,Anett Simonian,F,652,26,176,1996,2020-04-20 17:01:03,2020-04-20 17:01:03
314,Eliot Digwood,M,303,27,133,2006,2020-04-20 17:01:03,2020-04-20 17:01:03
315,Artie Appleton,M,324,27,250,1991,2020-04-20 17:01:03,2020-04-20 17:01:03
316,Christabella Gartan,F,642,27,296,1992,2020-04-20 17:01:03,2020-04-20 17:01:03
317,Briano Berryann,M,896,27,336,2000,2020-04-20 17:01:03,2020-04-20 17:01:03
318,Brandyn Local,M,353,28,132,1993,2020-04-20 17:01:03,2020-04-20 17:01:03
319,Care Thexton,M,890,28,311,1994,2020-04-20 17:01:03,2020-04-20 17:01:03
320,De Eldrett,F,611,29,90,1999,2020-04-20 17:01:03,2020-04-20 17:01:03
321,Saunderson Hayto,M,612,29,421,2001,2020-04-20 17:01:03,2020-04-20 17:01:03
322,Nelson Holtaway,M,626,29,74,2005,2020-04-20 17:01:03,2020-04-20 17:01:03
323,Claresta Childe,F,111,30,160,2008,2020-04-20 17:01:03,2020-04-20 17:01:03
324,Craig Caley,M,114,30,207,1992,2020-04-20 17:01:03,2020-04-20 17:01:03
325,Annette Du Barry,F,194,30,20,2001,2020-04-20 17:01:03,2020-04-20 17:01:03
326,Gerik Tremellan,M,224,30,436,1988,2020-04-20 17:01:03,2020-04-20 17:01:03
327,Lusa Paolinelli,F,293,30,212,2009,2020-04-20 17:01:03,2020-04-20 17:01:03
328,Catarina Dunrige,F,317,30,38,1993,2020-04-20 17:01:03,2020-04-20 17:01:03
329,Idette Bodesson,F,319,30,180,2006,2020-04-20 17:01:03,2020-04-20 17:01:03
330,Darryl Dodson,F,374,30,308,2011,2020-04-20 17:01:03,2020-04-20 17:01:03
331,Davie Kester,M,479,30,351,2005,2020-04-20 17:01:03,2020-04-20 17:01:03
332,Stephanie Whiteley,F,480,30,288,2007,2020-04-20 17:01:03,2020-04-20 17:01:03
333,Heriberto Dunnett,M,559,30,326,2011,2020-04-20 17:01:03,2020-04-20 17:01:03
334,Alison Puvia,F,586,30,340,2000,2020-04-20 17:01:03,2020-04-20 17:01:03
335,Bibbye Wonter,F,627,30,123,1998,2020-04-20 17:01:03,2020-04-20 17:01:03
336,Zacharie Faulkner,M,666,30,64,2005,2020-04-20 17:01:03,2020-04-20 17:01:03
337,Terencio Yushkin,M,683,30,414,2001,2020-04-20 17:01:03,2020-04-20 17:01:03
338,Mirna Blakeney,F,781,30,119,1957,2020-04-20 17:01:03,2020-04-20 17:01:03
339,Axe Gianettini,M,791,30,222,2006,2020-04-20 17:01:03,2020-04-20 17:01:03
340,Catherin Say,F,905,30,144,1993,2020-04-20 17:01:03,2020-04-20 17:01:03
341,Jeramie Tebbit,M,364,31,332,1995,2020-04-20 17:01:03,2020-04-20 17:01:03
342,Laurice Karle,F,682,31,382,1997,2020-04-20 17:01:03,2020-04-20 17:01:03
343,Rhodie Merriday,F,468,32,456,2005,2020-04-20 17:01:03,2020-04-20 17:01:03
344,Russell Staziker,M,723,33,253,1990,2020-04-20 17:01:03,2020-04-20 17:01:03
345,Olympe Heaviside,F,7,34,403,1996,2020-04-20 17:01:03,2020-04-20 17:01:03
346,Nataniel Klimsch,M,94,34,450,2002,2020-04-20 17:01:03,2020-04-20 17:01:03
347,Aldo Lies,M,805,34,365,2000,2020-04-20 17:01:03,2020-04-20 17:01:03
348,Reinhold Donke,M,32,35,297,2003,2020-04-20 17:01:03,2020-04-20 17:01:03
349,Patrice Willoughby,F,476,36,297,2011,2020-04-20 17:01:03,2020-04-20 17:01:03
350,Lenci Ridolfo,M,726,36,268,1997,2020-04-20 17:01:03,2020-04-20 17:01:03
351,Orin Brisco,M,767,36,4,1996,2020-04-20 17:01:03,2020-04-20 17:01:03
352,Gwyneth Cumbers,F,190,37,126,2001,2020-04-20 17:01:03,2020-04-20 17:01:03
353,Dilan Olivelli,M,261,37,366,2010,2020-04-20 17:01:03,2020-04-20 17:01:03
354,Nikolaus Phythean,M,316,37,56,2000,2020-04-20 17:01:03,2020-04-20 17:01:03
355,Clemmie Sherred,F,914,37,180,2008,2020-04-20 17:01:03,2020-04-20 17:01:03
356,Ximenes Rodolfi,M,916,37,472,2010,2020-04-20 17:01:03,2020-04-20 17:01:03
357,Eddie Coneley,M,790,38,57,2009,2020-04-20 17:01:03,2020-04-20 17:01:03
358,Bernie Dormon,F,322,39,354,2007,2020-04-20 17:01:03,2020-04-20 17:01:03
359,Dael Million,F,336,39,451,1997,2020-04-20 17:01:03,2020-04-20 17:01:03
360,Fletcher Sherred,M,360,39,261,1993,2020-04-20 17:01:03,2020-04-20 17:01:03
361,Siana Hutchins,F,363,39,406,1994,2020-04-20 17:01:03,2020-04-20 17:01:03
362,Beckie Laurand,F,482,39,136,2004,2020-04-20 17:01:03,2020-04-20 17:01:03
363,Alexandr Walthew,M,581,39,181,2011,2020-04-20 17:01:03,2020-04-20 17:01:03
364,Tabbitha Hundey,F,613,39,438,1985,2020-04-20 17:01:03,2020-04-20 17:01:03
365,Ulises Roycroft,M,622,39,296,1980,2020-04-20 17:01:03,2020-04-20 17:01:03
366,Aaren Wayper,F,870,39,310,1995,2020-04-20 17:01:03,2020-04-20 17:01:03
367,Barde Tym,M,872,39,208,1995,2020-04-20 17:01:03,2020-04-20 17:01:03
368,Keslie Birtwistle,F,5,40,239,2000,2020-04-20 17:01:03,2020-04-20 17:01:03
369,Dannel Sainteau,M,28,40,206,2012,2020-04-20 17:01:03,2020-04-20 17:01:03
370,Mathe Dell,M,31,40,232,2003,2020-04-20 17:01:03,2020-04-20 17:01:03
371,Curtice Villa,M,38,40,214,2001,2020-04-20 17:01:03,2020-04-20 17:01:03
372,Keelby Franca,M,42,40,148,2007,2020-04-20 17:01:03,2020-04-20 17:01:03
373,Angelle Synder,F,46,40,74,2001,2020-04-20 17:01:03,2020-04-20 17:01:03
374,Donia Scarlin,F,47,40,459,2011,2020-04-20 17:01:03,2020-04-20 17:01:03
375,Philippine Vasilechko,F,110,40,67,2003,2020-04-20 17:01:03,2020-04-20 17:01:03
376,Rina Raft,F,147,40,406,2001,2020-04-20 17:01:03,2020-04-20 17:01:03
377,Julianna Tithecott,F,147,40,175,2007,2020-04-20 17:01:03,2020-04-20 17:01:03
378,Madella Belchem,F,172,40,24,2006,2020-04-20 17:01:03,2020-04-20 17:01:03
379,Gabriele Gaul,M,176,40,148,2008,2020-04-20 17:01:03,2020-04-20 17:01:03
380,Morgan Ansill,M,187,40,346,1995,2020-04-20 17:01:03,2020-04-20 17:01:03
381,Trescha Slight,F,208,40,320,1993,2020-04-20 17:01:03,2020-04-20 17:01:03
382,Burk Scarr,M,210,40,324,2012,2020-04-20 17:01:03,2020-04-20 17:01:03
383,Lindon Gabits,M,463,40,48,2011,2020-04-20 17:01:03,2020-04-20 17:01:03
384,Rodney Giacovelli,M,463,40,375,2003,2020-04-20 17:01:03,2020-04-20 17:01:03
385,Renie Blackstock,F,486,40,59,1999,2020-04-20 17:01:03,2020-04-20 17:01:03
386,Marietta Baccus,F,486,40,69,2006,2020-04-20 17:01:03,2020-04-20 17:01:03
387,Clarance Dosdill,M,507,40,82,1969,2020-04-20 17:01:03,2020-04-20 17:01:03
388,Ambrosi Pettiward,M,515,40,157,2004,2020-04-20 17:01:03,2020-04-20 17:01:03
389,Nellie Emeny,F,520,40,110,1998,2020-04-20 17:01:03,2020-04-20 17:01:03
390,Desdemona Stiant,F,527,40,255,2010,2020-04-20 17:01:03,2020-04-20 17:01:03
391,Mack Espinel,M,528,40,84,2008,2020-04-20 17:01:03,2020-04-20 17:01:03
392,Mahala Phettiplace,F,528,40,98,1995,2020-04-20 17:01:03,2020-04-20 17:01:03
393,Georgi Chafer,M,547,40,256,2012,2020-04-20 17:01:03,2020-04-20 17:01:03
394,Janeta Walklott,F,640,40,347,2009,2020-04-20 17:01:03,2020-04-20 17:01:03
395,Dannie Kelle,F,673,40,167,2000,2020-04-20 17:01:03,2020-04-20 17:01:03
396,Bord Cluley,M,687,40,164,1995,2020-04-20 17:01:03,2020-04-20 17:01:03
397,Agathe Yarnell,F,689,40,293,1992,2020-04-20 17:01:03,2020-04-20 17:01:03
398,Ash Dufaire,M,696,40,379,2012,2020-04-20 17:01:03,2020-04-20 17:01:03
399,Priscilla Boyles,F,697,40,119,1962,2020-04-20 17:01:03,2020-04-20 17:01:03
400,Loy Cuskery,M,785,40,430,1995,2020-04-20 17:01:03,2020-04-20 17:01:03
401,Durward Cuss,M,857,40,362,1999,2020-04-20 17:01:03,2020-04-20 17:01:03
402,Alberta Abbey,F,889,40,438,1991,2020-04-20 17:01:03,2020-04-20 17:01:03
403,Claude Iamittii,F,889,40,215,1998,2020-04-20 17:01:03,2020-04-20 17:01:03
404,Isaiah Bradford,M,902,40,331,2003,2020-04-20 17:01:03,2020-04-20 17:01:03
405,Pauli Zum Felde,F,910,40,290,1999,2020-04-20 17:01:03,2020-04-20 17:01:03
406,Cale Huntingford,M,910,40,439,1998,2020-04-20 17:01:03,2020-04-20 17:01:03
407,Carol Garm,F,299,41,348,1992,2020-04-20 17:01:03,2020-04-20 17:01:03
408,Richart Gwynn,M,65,42,402,2005,2020-04-20 17:01:03,2020-04-20 17:01:03
409,Jasper Lowe,M,90,43,202,2012,2020-04-20 17:01:03,2020-04-20 17:01:03
410,Grace Lerego,M,287,43,356,1992,2020-04-20 17:01:03,2020-04-20 17:01:03
411,Chicky Shortall,M,3,44,135,2000,2020-04-20 17:01:03,2020-04-20 17:01:03
412,Gusella Bertelet,F,16,44,29,1996,2020-04-20 17:01:03,2020-04-20 17:01:03
413,Renata Hek,F,34,44,102,2009,2020-04-20 17:01:03,2020-04-20 17:01:03
414,Alayne Wipfler,F,39,44,28,2008,2020-04-20 17:01:03,2020-04-20 17:01:03
415,Rubi Garmanson,F,256,44,444,2003,2020-04-20 17:01:03,2020-04-20 17:01:03
416,Arthur Fawltey,M,383,44,224,2008,2020-04-20 17:01:03,2020-04-20 17:01:03
417,Patty Curman,F,420,44,11,1992,2020-04-20 17:01:03,2020-04-20 17:01:03
418,Sawyere McCroary,M,538,44,205,1993,2020-04-20 17:01:03,2020-04-20 17:01:03
419,Kirsteni Simonsson,F,551,44,213,1963,2020-04-20 17:01:03,2020-04-20 17:01:03
420,Jen Aulds,F,553,44,71,1985,2020-04-20 17:01:03,2020-04-20 17:01:03
421,Jeromy Eaden,M,860,44,465,2008,2020-04-20 17:01:03,2020-04-20 17:01:03
422,Nalani Wakefield,F,933,44,306,2006,2020-04-20 17:01:03,2020-04-20 17:01:03
423,Zack Felipe,M,708,45,100,2007,2020-04-20 17:01:03,2020-04-20 17:01:03
424,Berget Gerritzen,F,711,45,135,1993,2020-04-20 17:01:03,2020-04-20 17:01:03
425,Thedric Penberthy,M,127,46,152,2009,2020-04-20 17:01:03,2020-04-20 17:01:03
426,Tyrone Kleinzweig,M,106,47,502,2008,2020-04-20 17:01:03,2020-04-20 17:01:03
427,Vinnie Maddams,F,181,47,439,2006,2020-04-20 17:01:03,2020-04-20 17:01:03
428,Karia Aaronsohn,F,661,47,379,2012,2020-04-20 17:01:03,2020-04-20 17:01:03
429,Catlin Merkel,F,177,48,27,1984,2020-04-20 17:01:03,2020-04-20 17:01:03
430,Hyman Biggin,M,221,48,501,1997,2020-04-20 17:01:03,2020-04-20 17:01:03
431,Olympia Crisford,F,700,48,249,1987,2020-04-20 17:01:03,2020-04-20 17:01:03
432,Lorette Lutz,F,713,48,503,2003,2020-04-20 17:01:03,2020-04-20 17:01:03
433,Dylan O'Fihillie,M,713,48,15,1994,2020-04-20 17:01:03,2020-04-20 17:01:03
434,Cameron Breakwell,M,722,48,59,1992,2020-04-20 17:01:03,2020-04-20 17:01:03
435,Otes Mustin,M,960,49,460,1988,2020-04-20 17:01:03,2020-04-20 17:01:03
436,Merrie Aseef,F,10,50,76,1994,2020-04-20 17:01:03,2020-04-20 17:01:03
437,Brynn Spir,F,20,50,375,2000,2020-04-20 17:01:03,2020-04-20 17:01:03
438,Brunhilde Wapples,F,35,50,161,2010,2020-04-20 17:01:03,2020-04-20 17:01:03
439,Kit Kop,M,58,50,122,2006,2020-04-20 17:01:03,2020-04-20 17:01:03
440,Chrisy McGeechan,M,60,50,213,1971,2020-04-20 17:01:03,2020-04-20 17:01:03
441,Stanford Papaminas,M,68,50,122,2006,2020-04-20 17:01:03,2020-04-20 17:01:03
442,Adara Howard - Gater,F,69,50,418,1990,2020-04-20 17:01:03,2020-04-20 17:01:03
443,Udale Kondratovich,M,75,50,62,2005,2020-04-20 17:01:03,2020-04-20 17:01:03
444,Elinore Anstey,F,86,50,239,1993,2020-04-20 17:01:03,2020-04-20 17:01:03
445,Kaila Byrd,F,99,50,46,1995,2020-04-20 17:01:03,2020-04-20 17:01:03
446,Adda Pifford,F,104,50,79,2005,2020-04-20 17:01:03,2020-04-20 17:01:03
447,Cos Croxton,M,119,50,159,2012,2020-04-20 17:01:03,2020-04-20 17:01:03
448,Derward Lednor,M,121,50,177,2007,2020-04-20 17:01:03,2020-04-20 17:01:03
449,Borg Carrane,M,166,50,297,2007,2020-04-20 17:01:03,2020-04-20 17:01:03
450,Vicki Fandrey,F,167,50,313,2004,2020-04-20 17:01:03,2020-04-20 17:01:03
451,Emmie Tompkin,F,169,50,72,1987,2020-04-20 17:01:03,2020-04-20 17:01:03
452,Lianne Tran,F,195,50,161,2011,2020-04-20 17:01:03,2020-04-20 17:01:03
453,Joanie Lunk,F,196,50,283,1995,2020-04-20 17:01:03,2020-04-20 17:01:03
454,Felicity Coate,F,205,50,144,1986,2020-04-20 17:01:03,2020-04-20 17:01:03
455,Mendy Higbin,M,219,50,211,2002,2020-04-20 17:01:03,2020-04-20 17:01:03
456,Chrysa Byart,F,258,50,295,2008,2020-04-20 17:01:03,2020-04-20 17:01:03
457,Arlinda Obray,F,265,50,476,1997,2020-04-20 17:01:03,2020-04-20 17:01:03
458,Ferrell Locard,M,269,50,423,2011,2020-04-20 17:01:03,2020-04-20 17:01:03
459,Alley McIlhatton,M,282,50,129,1995,2020-04-20 17:01:03,2020-04-20 17:01:03
460,Saleem McGannon,M,376,50,464,1992,2020-04-20 17:01:03,2020-04-20 17:01:03
461,Benyamin Danzey,M,382,50,347,2003,2020-04-20 17:01:03,2020-04-20 17:01:03
462,Mable Antonutti,F,384,50,342,1992,2020-04-20 17:01:03,2020-04-20 17:01:03
463,Lacee Vanyashkin,F,386,50,383,2007,2020-04-20 17:01:03,2020-04-20 17:01:03
464,Vinson Bartolomeotti,M,401,50,175,2009,2020-04-20 17:01:03,2020-04-20 17:01:03
465,Leroy Depport,M,404,50,2,1996,2020-04-20 17:01:03,2020-04-20 17:01:03
466,Linea Matlock,F,412,50,105,2012,2020-04-20 17:01:03,2020-04-20 17:01:03
467,Lauren O'Corr,F,416,50,140,1999,2020-04-20 17:01:03,2020-04-20 17:01:03
468,Donelle Brolechan,F,417,50,350,1987,2020-04-20 17:01:03,2020-04-20 17:01:03
469,Jermain Jurgenson,M,418,50,432,1990,2020-04-20 17:01:03,2020-04-20 17:01:03
470,Dickie Christopher,M,421,50,330,2011,2020-04-20 17:01:03,2020-04-20 17:01:03
471,Heindrick Jakucewicz,M,435,50,147,1984,2020-04-20 17:01:03,2020-04-20 17:01:03
472,Veriee Dudley,F,437,50,397,2005,2020-04-20 17:01:03,2020-04-20 17:01:03
473,Morgen Learoyde,M,439,50,438,2005,2020-04-20 17:01:03,2020-04-20 17:01:03
474,Justus Bowcock,M,440,50,497,1995,2020-04-20 17:01:03,2020-04-20 17:01:03
475,Hobart Lanchberry,M,453,50,450,2005,2020-04-20 17:01:03,2020-04-20 17:01:03
476,Tris Barcroft,M,471,50,97,1990,2020-04-20 17:01:03,2020-04-20 17:01:03
477,Jacquelyn Jest,F,500,50,22,1992,2020-04-20 17:01:03,2020-04-20 17:01:03
478,Fidole Dring,M,501,50,458,2001,2020-04-20 17:01:03,2020-04-20 17:01:03
479,Glen Folk,M,501,50,290,2003,2020-04-20 17:01:03,2020-04-20 17:01:03
480,Cammy Dietmar,F,518,50,217,2001,2020-04-20 17:01:03,2020-04-20 17:01:03
481,Brigitta Cork,F,589,50,39,1995,2020-04-20 17:01:03,2020-04-20 17:01:03
482,Rice Swains,M,590,50,380,2008,2020-04-20 17:01:03,2020-04-20 17:01:03
483,Gloria McNeillie,F,591,50,485,2005,2020-04-20 17:01:03,2020-04-20 17:01:03
484,Aimee McCormack,F,594,50,299,1998,2020-04-20 17:01:03,2020-04-20 17:01:03
485,Cletis Ryson,M,595,50,431,1994,2020-04-20 17:01:03,2020-04-20 17:01:03
486,Sky Nannoni,M,596,50,435,1997,2020-04-20 17:01:03,2020-04-20 17:01:03
487,Nester Priscott,M,598,50,239,1998,2020-04-20 17:01:03,2020-04-20 17:01:03
488,Paco MacAndie,M,599,50,205,1998,2020-04-20 17:01:03,2020-04-20 17:01:03
489,Genvieve Sand,F,601,50,20,1993,2020-04-20 17:01:03,2020-04-20 17:01:03
490,Vallie Battaille,F,603,50,253,2005,2020-04-20 17:01:03,2020-04-20 17:01:03
491,Crysta Cholonin,F,608,50,357,2005,2020-04-20 17:01:03,2020-04-20 17:01:03
492,Brad Billingsley,M,632,50,421,2005,2020-04-20 17:01:03,2020-04-20 17:01:03
493,Ave Fowler,M,635,50,488,2007,2020-04-20 17:01:03,2020-04-20 17:01:03
494,Bartel Westcot,M,645,50,473,1994,2020-04-20 17:01:03,2020-04-20 17:01:03
495,Robinson Grim,M,651,50,97,1991,2020-04-20 17:01:03,2020-04-20 17:01:03
496,Ursuline Grancher,F,653,50,65,2004,2020-04-20 17:01:03,2020-04-20 17:01:03
497,Irina Kenwyn,F,665,50,436,2005,2020-04-20 17:01:03,2020-04-20 17:01:03
498,Curt Zohrer,M,667,50,43,1994,2020-04-20 17:01:03,2020-04-20 17:01:03
499,Noe Kinworthy,M,681,50,146,2005,2020-04-20 17:01:03,2020-04-20 17:01:03
500,Scarface Pilley,M,733,50,42,1995,2020-04-20 17:01:03,2020-04-20 17:01:03
501,Dannie Lob,M,734,50,121,1986,2020-04-20 17:01:03,2020-04-20 17:01:03
502,Karia Beneze,F,735,50,153,2000,2020-04-20 17:01:03,2020-04-20 17:01:03
503,Irwin McLeman,M,758,50,269,2003,2020-04-20 17:01:03,2020-04-20 17:01:03
504,Adriena Basnall,F,759,50,388,2008,2020-04-20 17:01:03,2020-04-20 17:01:03
505,Blake Risborough,M,766,50,443,1994,2020-04-20 17:01:03,2020-04-20 17:01:03
506,Melodee McGuigan,F,771,50,108,1992,2020-04-20 17:01:03,2020-04-20 17:01:03
507,Veriee Vogelein,F,801,50,443,1984,2020-04-20 17:01:03,2020-04-20 17:01:03
508,Ericka Aitchison,F,802,50,119,1988,2020-04-20 17:01:03,2020-04-20 17:01:03
509,Westbrook Chater,M,803,50,120,1999,2020-04-20 17:01:03,2020-04-20 17:01:03
510,Brod Ovitz,M,804,50,353,2002,2020-04-20 17:01:03,2020-04-20 17:01:03
511,Georgette McGettrick,F,818,50,194,1995,2020-04-20 17:01:03,2020-04-20 17:01:03
512,Jessika Bothams,F,822,50,31,2007,2020-04-20 17:01:03,2020-04-20 17:01:03
513,Nannie Dummer,F,825,50,416,2012,2020-04-20 17:01:03,2020-04-20 17:01:03
514,Gabbie Eakens,M,828,50,163,2007,2020-04-20 17:01:03,2020-04-20 17:01:03
515,Dionisio Crighton,M,833,50,424,2003,2020-04-20 17:01:03,2020-04-20 17:01:03
516,Lillis Dimbleby,F,834,50,311,2005,2020-04-20 17:01:03,2020-04-20 17:01:03
517,Ceil Philpots,F,835,50,453,1993,2020-04-20 17:01:03,2020-04-20 17:01:03
518,Lita Ebbing,F,847,50,171,2009,2020-04-20 17:01:03,2020-04-20 17:01:03
519,Bone Wedgwood,M,849,50,238,2012,2020-04-20 17:01:03,2020-04-20 17:01:03
520,Caressa MacIlurick,F,850,50,458,2008,2020-04-20 17:01:03,2020-04-20 17:01:03
521,Marguerite Proswell,F,851,50,366,2011,2020-04-20 17:01:03,2020-04-20 17:01:03
522,Arney Isaksson,M,852,50,121,1990,2020-04-20 17:01:03,2020-04-20 17:01:03
523,Vita Brahm,F,853,50,321,1997,2020-04-20 17:01:03,2020-04-20 17:01:03
524,Jillana Klimov,F,871,50,367,2011,2020-04-20 17:01:03,2020-04-20 17:01:03
525,Dylan Manns,M,915,50,62,2009,2020-04-20 17:01:03,2020-04-20 17:01:03
526,Dukey Howgill,M,918,50,441,2012,2020-04-20 17:01:03,2020-04-20 17:01:03
527,Cleavland Murdoch,M,921,50,458,2012,2020-04-20 17:01:03,2020-04-20 17:01:03
528,Carmel Jablonski,F,922,50,177,2009,2020-04-20 17:01:03,2020-04-20 17:01:03
529,Ozzy Willgress,M,6,51,236,2011,2020-04-20 17:01:03,2020-04-20 17:01:03
530,Wilone Renison,F,107,51,238,1986,2020-04-20 17:01:03,2020-04-20 17:01:03
531,Gonzalo Jirick,M,229,51,149,2002,2020-04-20 17:01:03,2020-04-20 17:01:03
532,Cordy Asey,M,328,51,361,2009,2020-04-20 17:01:03,2020-04-20 17:01:03
533,Nicolis Clara,M,371,51,158,2009,2020-04-20 17:01:03,2020-04-20 17:01:03
534,Harper Young,M,379,51,422,2011,2020-04-20 17:01:03,2020-04-20 17:01:03
535,Merralee Argont,F,740,51,129,1994,2020-04-20 17:01:03,2020-04-20 17:01:03
536,Thibaud Beagin,M,79,52,377,2009,2020-04-20 17:01:03,2020-04-20 17:01:03
537,Cristine Hirjak,F,394,52,332,1997,2020-04-20 17:01:03,2020-04-20 17:01:03
538,Wilma Mountney,F,300,53,81,2007,2020-04-20 17:01:03,2020-04-20 17:01:03
539,Veronica Hayesman,F,525,53,344,2001,2020-04-20 17:01:03,2020-04-20 17:01:03
540,Palm Murr,M,242,54,375,1992,2020-04-20 17:01:03,2020-04-20 17:01:03
541,Elysee Swinfon,F,241,55,128,2007,2020-04-20 17:01:03,2020-04-20 17:01:03
542,Amii Girkins,F,245,56,157,2008,2020-04-20 17:01:03,2020-04-20 17:01:03
543,Abrahan Eltone,M,247,56,1,1998,2020-04-20 17:01:03,2020-04-20 17:01:03
544,Daren Glyne,M,298,56,59,1999,2020-04-20 17:01:03,2020-04-20 17:01:03
545,Shelley Chasle,F,329,56,453,1998,2020-04-20 17:01:03,2020-04-20 17:01:03
546,Dorie Urion,M,331,56,262,1998,2020-04-20 17:01:03,2020-04-20 17:01:03
547,Calypso Spacey,F,398,56,178,2010,2020-04-20 17:01:03,2020-04-20 17:01:03
548,Jesselyn Terrill,F,403,56,394,2003,2020-04-20 17:01:03,2020-04-20 17:01:03
549,Lyndsey Murr,F,423,56,152,2008,2020-04-20 17:01:03,2020-04-20 17:01:03
550,Lisette Reye,F,529,56,192,2010,2020-04-20 17:01:03,2020-04-20 17:01:03
551,Allix Kann,F,540,56,378,1997,2020-04-20 17:01:03,2020-04-20 17:01:03
552,Arnaldo Siemens,M,876,56,483,1998,2020-04-20 17:01:03,2020-04-20 17:01:03
553,Lilias Sharvell,F,885,56,480,1981,2020-04-20 17:01:03,2020-04-20 17:01:03
554,Wally Steger,M,940,56,223,2009,2020-04-20 17:01:03,2020-04-20 17:01:03
555,Allard Hasnip,M,948,56,296,2007,2020-04-20 17:01:03,2020-04-20 17:01:03
556,Rand Balderstone,M,64,57,272,2009,2020-04-20 17:01:03,2020-04-20 17:01:03
557,Frances Attwoull,F,746,57,126,2008,2020-04-20 17:01:03,2020-04-20 17:01:03
558,Perri Pautard,F,831,57,95,1997,2020-04-20 17:01:03,2020-04-20 17:01:03
559,Lorinda Stronach,F,869,57,226,2010,2020-04-20 17:01:03,2020-04-20 17:01:03
560,Bartlett Willoughey,M,159,58,83,1993,2020-04-20 17:01:03,2020-04-20 17:01:03
561,Ruperto Joselin,M,391,58,444,2004,2020-04-20 17:01:03,2020-04-20 17:01:03
562,Missy Brasener,F,266,59,51,1988,2020-04-20 17:01:03,2020-04-20 17:01:03
563,Taddeo McGiffie,M,267,59,87,1996,2020-04-20 17:01:03,2020-04-20 17:01:03
564,Anne Berzins,F,268,59,282,1996,2020-04-20 17:01:03,2020-04-20 17:01:03
565,Lennard Scalera,M,469,59,200,1994,2020-04-20 17:01:03,2020-04-20 17:01:03
566,Beatrice Soigoux,F,377,60,316,1994,2020-04-20 17:01:03,2020-04-20 17:01:03
567,Alleyn Swainsbury,M,402,60,409,2011,2020-04-20 17:01:03,2020-04-20 17:01:03
568,Caye Stanhope,F,774,60,255,2012,2020-04-20 17:01:03,2020-04-20 17:01:03
569,Derrick Leavens,M,774,60,129,1994,2020-04-20 17:01:03,2020-04-20 17:01:03
570,Hubie Turfin,M,92,61,6,1992,2020-04-20 17:01:03,2020-04-20 17:01:03
571,Dom Lagadu,M,502,62,445,2005,2020-04-20 17:01:03,2020-04-20 17:01:03
572,Maryann Gabitis,F,88,63,246,2010,2020-04-20 17:01:03,2020-04-20 17:01:03
573,Erda McLucas,F,109,64,283,1990,2020-04-20 17:01:03,2020-04-20 17:01:03
574,Regina Sarrell,F,496,64,239,2001,2020-04-20 17:01:03,2020-04-20 17:01:03
575,Debee Eefting,F,202,65,144,2010,2020-04-20 17:01:03,2020-04-20 17:01:03
576,Gates Lawther,F,788,65,74,1990,2020-04-20 17:01:03,2020-04-20 17:01:03
577,Wilhelmina Lippiello,F,0,65,126,1999,2020-04-20 17:01:03,2020-04-20 17:01:03
578,Dianne Curm,F,0,65,275,2005,2020-04-20 17:01:03,2020-04-20 17:01:03
579,Sig Richt,M,0,65,376,1993,2020-04-20 17:01:03,2020-04-20 17:01:03
580,Drusilla Whitebread,F,26,66,425,2003,2020-04-20 17:01:03,2020-04-20 17:01:03
581,Ethyl Folk,F,530,66,87,1995,2020-04-20 17:01:03,2020-04-20 17:01:03
582,Wilma Pietrzak,F,23,67,158,2011,2020-04-20 17:01:03,2020-04-20 17:01:03
583,Helenelizabeth Empringham,F,411,67,323,1995,2020-04-20 17:01:03,2020-04-20 17:01:03
584,Gherardo Botright,M,422,67,420,1991,2020-04-20 17:01:03,2020-04-20 17:01:03
585,Baird Baird,M,830,68,1,1992,2020-04-20 17:01:03,2020-04-20 17:01:03
586,Birch Ellicombe,M,44,69,308,2010,2020-04-20 17:01:03,2020-04-20 17:01:03
587,Rog Dunphy,M,146,70,317,2002,2020-04-20 17:01:03,2020-04-20 17:01:03
588,Ronnica Boyington,F,244,70,199,1994,2020-04-20 17:01:03,2020-04-20 17:01:03
589,Papagena Lamball,F,279,71,498,1996,2020-04-20 17:01:03,2020-04-20 17:01:03
590,Felic De Dei,M,339,71,47,2000,2020-04-20 17:01:03,2020-04-20 17:01:03
591,Ameline Jarrold,F,431,71,154,2011,2020-04-20 17:01:03,2020-04-20 17:01:03
592,Sharona Flay,F,477,71,406,1993,2020-04-20 17:01:03,2020-04-20 17:01:03
593,Justino Norcock,M,672,71,207,2003,2020-04-20 17:01:03,2020-04-20 17:01:03
594,Helen Spenceley,F,705,71,25,2005,2020-04-20 17:01:03,2020-04-20 17:01:03
595,Jaynell Stables,F,721,71,461,2012,2020-04-20 17:01:03,2020-04-20 17:01:03
596,Janie Savery,F,669,72,452,1984,2020-04-20 17:01:03,2020-04-20 17:01:03
597,Doro Eagling,F,24,73,66,2009,2020-04-20 17:01:03,2020-04-20 17:01:03
598,Rosalyn Van Brug,F,77,73,118,1963,2020-04-20 17:01:03,2020-04-20 17:01:03
599,Arly Gleed,F,149,73,180,1994,2020-04-20 17:01:03,2020-04-20 17:01:03
600,Cecil Lownes,F,198,73,357,2006,2020-04-20 17:01:03,2020-04-20 17:01:03
601,Elysia Schwanden,F,865,73,434,1995,2020-04-20 17:01:03,2020-04-20 17:01:03
602,Nolly Fladgate,M,886,73,219,1990,2020-04-20 17:01:03,2020-04-20 17:01:03
603,Katlin Overthrow,F,887,73,110,1986,2020-04-20 17:01:03,2020-04-20 17:01:03
604,Harlie Rippon,F,124,74,48,2012,2020-04-20 17:01:03,2020-04-20 17:01:03
605,Udell Ivanchenkov,M,587,74,414,1997,2020-04-20 17:01:03,2020-04-20 17:01:03
606,Gaston Konmann,M,760,74,13,1995,2020-04-20 17:01:03,2020-04-20 17:01:03
607,Sander Chelsom,M,816,74,171,2004,2020-04-20 17:01:03,2020-04-20 17:01:03
608,Devon Attkins,F,826,74,257,2000,2020-04-20 17:01:03,2020-04-20 17:01:03
609,Clari Raspel,F,848,74,442,1999,2020-04-20 17:01:03,2020-04-20 17:01:03
610,Maurise Biaggi,F,570,75,115,2011,2020-04-20 17:01:03,2020-04-20 17:01:03
611,Marilee Gaffer,F,30,76,147,2009,2020-04-20 17:01:03,2020-04-20 17:01:03
612,Agnesse Fireman,F,22,77,103,2005,2020-04-20 17:01:03,2020-04-20 17:01:03
613,Laurena Ciani,F,286,77,458,2000,2020-04-20 17:01:03,2020-04-20 17:01:03
614,Billie Guilbert,M,686,77,20,2009,2020-04-20 17:01:03,2020-04-20 17:01:03
615,Karil Grabban,F,779,77,453,1997,2020-04-20 17:01:03,2020-04-20 17:01:03
616,Raddie Alleburton,M,492,78,117,1994,2020-04-20 17:01:03,2020-04-20 17:01:03
617,Simone Jacobowicz,M,105,79,153,2012,2020-04-20 17:01:03,2020-04-20 17:01:03
618,Zora Tonkinson,F,320,79,311,1997,2020-04-20 17:01:03,2020-04-20 17:01:03
619,Bunnie Rizon,F,327,79,306,2010,2020-04-20 17:01:03,2020-04-20 17:01:03
620,Loralie Bleackley,F,413,79,436,1999,2020-04-20 17:01:03,2020-04-20 17:01:03
621,Orly Stoacley,F,455,79,188,2007,2020-04-20 17:01:03,2020-04-20 17:01:03
622,Sheffie Bysh,M,508,79,276,2007,2020-04-20 17:01:03,2020-04-20 17:01:03
623,Valerye Jiru,F,572,79,33,1995,2020-04-20 17:01:03,2020-04-20 17:01:03
624,Nicolina Easlea,F,573,79,32,2004,2020-04-20 17:01:03,2020-04-20 17:01:03
625,Merwyn Pebworth,M,578,79,383,2009,2020-04-20 17:01:03,2020-04-20 17:01:03
626,Brady Vaughton,M,690,79,239,1992,2020-04-20 17:01:03,2020-04-20 17:01:03
627,Paxton Gammel,M,877,79,485,2013,2020-04-20 17:01:03,2020-04-20 17:01:03
628,Eddie Bessey,M,878,79,210,1997,2020-04-20 17:01:03,2020-04-20 17:01:03
629,Gay Piddock,M,974,79,252,1993,2020-04-20 17:01:03,2020-04-20 17:01:03
630,Willette Davidi,F,164,80,227,1999,2020-04-20 17:01:03,2020-04-20 17:01:03
631,Marietta Gabbitas,F,378,80,8,1994,2020-04-20 17:01:03,2020-04-20 17:01:03
632,Sherill Postle,F,768,80,158,2012,2020-04-20 17:01:03,2020-04-20 17:01:03
633,Mirabel Muzzini,F,89,81,281,2010,2020-04-20 17:01:03,2020-04-20 17:01:03
634,Matelda Piccop,F,445,81,315,1986,2020-04-20 17:01:03,2020-04-20 17:01:03
635,Nissie Draycott,F,584,81,339,1992,2020-04-20 17:01:03,2020-04-20 17:01:03
636,Gerrilee McLucas,F,714,81,231,1994,2020-04-20 17:01:03,2020-04-20 17:01:03
637,Liana Maffioletti,F,862,81,162,2008,2020-04-20 17:01:03,2020-04-20 17:01:03
638,Husein Chappel,M,289,82,304,2002,2020-04-20 17:01:03,2020-04-20 17:01:03
639,Adan McTrustie,M,50,83,66,2008,2020-04-20 17:01:03,2020-04-20 17:01:03
640,Geoffry Dickens,M,200,83,54,1994,2020-04-20 17:01:03,2020-04-20 17:01:03
641,Aaron Cajkler,M,499,83,397,1999,2020-04-20 17:01:03,2020-04-20 17:01:03
642,Jeffie Edmondson,M,567,83,247,1999,2020-04-20 17:01:03,2020-04-20 17:01:03
643,Roosevelt Brissenden,M,731,83,343,2009,2020-04-20 17:01:03,2020-04-20 17:01:03
644,Roana Napthine,F,387,84,446,1987,2020-04-20 17:01:03,2020-04-20 17:01:03
645,Teodor Lude,M,789,84,308,2004,2020-04-20 17:01:03,2020-04-20 17:01:03
646,Nerta Oles,F,13,85,135,1998,2020-04-20 17:01:03,2020-04-20 17:01:03
647,Berk Hyde-Chambers,M,769,85,291,2003,2020-04-20 17:01:03,2020-04-20 17:01:03
648,Gustie Cansdell,F,625,86,443,1989,2020-04-20 17:01:03,2020-04-20 17:01:03
649,Briggs Farland,M,710,86,45,2001,2020-04-20 17:01:03,2020-04-20 17:01:03
650,Julianne Jeaffreson,F,133,87,346,2000,2020-04-20 17:01:03,2020-04-20 17:01:03
651,Audrye Roloff,F,173,87,295,2009,2020-04-20 17:01:03,2020-04-20 17:01:03
652,Hoebart Pauluzzi,M,174,87,188,2010,2020-04-20 17:01:03,2020-04-20 17:01:03
653,Rusty Bussens,M,178,87,145,2002,2020-04-20 17:01:03,2020-04-20 17:01:03
654,Freddie Haymes,F,180,87,492,2000,2020-04-20 17:01:03,2020-04-20 17:01:03
655,Sharity Corps,F,234,87,219,1990,2020-04-20 17:01:03,2020-04-20 17:01:03
656,Sophie Bertolaccini,F,311,87,317,2001,2020-04-20 17:01:03,2020-04-20 17:01:03
657,Doralynn McLorinan,F,318,87,238,2006,2020-04-20 17:01:03,2020-04-20 17:01:03
658,Darya Roelvink,F,436,87,160,1993,2020-04-20 17:01:03,2020-04-20 17:01:03
659,Willetta Stevenson,F,495,87,39,1985,2020-04-20 17:01:03,2020-04-20 17:01:03
660,Aile Clay,F,588,87,69,1994,2020-04-20 17:01:03,2020-04-20 17:01:03
661,Tabina Dines,F,647,87,495,1991,2020-04-20 17:01:03,2020-04-20 17:01:03
662,Carolin Heinz,F,662,87,70,1992,2020-04-20 17:01:03,2020-04-20 17:01:03
663,Kelila Dugget,F,707,87,488,2003,2020-04-20 17:01:03,2020-04-20 17:01:03
664,Rebekkah O'Dempsey,F,820,87,463,2011,2020-04-20 17:01:03,2020-04-20 17:01:03
665,Chas Duckett,M,903,87,401,2005,2020-04-20 17:01:03,2020-04-20 17:01:03
666,Lancelot Gummoe,M,945,87,46,2005,2020-04-20 17:01:03,2020-04-20 17:01:03
667,Blayne Llywarch,M,14,88,481,1992,2020-04-20 17:01:03,2020-04-20 17:01:03
668,Eleonore Freer,F,19,88,243,2009,2020-04-20 17:01:03,2020-04-20 17:01:03
669,Hali Winthrop,F,27,88,264,2008,2020-04-20 17:01:03,2020-04-20 17:01:03
670,Dniren Bolesma,F,61,88,298,2000,2020-04-20 17:01:03,2020-04-20 17:01:03
671,Uta Abbys,F,62,88,195,2004,2020-04-20 17:01:03,2020-04-20 17:01:03
672,Bastian Jope,M,72,88,248,1989,2020-04-20 17:01:03,2020-04-20 17:01:03
673,Reyna Norkett,F,74,88,472,2003,2020-04-20 17:01:03,2020-04-20 17:01:03
674,Artie Onraet,M,80,88,130,1974,2020-04-20 17:01:03,2020-04-20 17:01:03
675,Viola MacGall,F,81,88,236,2009,2020-04-20 17:01:03,2020-04-20 17:01:03
676,Menard Brock,M,117,88,94,1987,2020-04-20 17:01:03,2020-04-20 17:01:03
677,Emma Kiltie,F,118,88,70,1995,2020-04-20 17:01:03,2020-04-20 17:01:03
678,Meyer Lanchbury,M,120,88,213,1963,2020-04-20 17:01:03,2020-04-20 17:01:03
679,Pieter Doy,M,125,88,392,2005,2020-04-20 17:01:03,2020-04-20 17:01:03
680,Will Scogings,M,126,88,56,2002,2020-04-20 17:01:03,2020-04-20 17:01:03
681,Mariquilla Colwill,F,135,88,486,2011,2020-04-20 17:01:03,2020-04-20 17:01:03
682,Jackson Willgoose,M,137,88,414,2001,2020-04-20 17:01:03,2020-04-20 17:01:03
683,Eleanora Manuely,F,185,88,384,2012,2020-04-20 17:01:03,2020-04-20 17:01:03
684,Pavel Mont,M,223,88,263,2000,2020-04-20 17:01:03,2020-04-20 17:01:03
685,Ginger Riddick,M,251,88,34,1996,2020-04-20 17:01:03,2020-04-20 17:01:03
686,Iolande Gianolo,F,321,88,253,1994,2020-04-20 17:01:03,2020-04-20 17:01:03
687,Bendicty Strettell,M,325,88,302,1994,2020-04-20 17:01:03,2020-04-20 17:01:03
688,Abraham McLay,M,341,88,119,2007,2020-04-20 17:01:03,2020-04-20 17:01:03
689,Isidore Moffett,M,396,88,232,2006,2020-04-20 17:01:03,2020-04-20 17:01:03
690,Monti McLennan,M,434,88,69,1991,2020-04-20 17:01:03,2020-04-20 17:01:03
691,Maureen Fortin,F,443,88,279,1977,2020-04-20 17:01:03,2020-04-20 17:01:03
692,Magnum Bakhrushin,M,487,88,213,2006,2020-04-20 17:01:03,2020-04-20 17:01:03
693,Nicol Baynham,M,487,88,320,2001,2020-04-20 17:01:03,2020-04-20 17:01:03
694,Kenyon Trowle,M,488,88,331,2005,2020-04-20 17:01:03,2020-04-20 17:01:03
695,Phelia Tiptaft,F,490,88,135,2011,2020-04-20 17:01:03,2020-04-20 17:01:03
696,Gus Navan,M,497,88,219,1993,2020-04-20 17:01:03,2020-04-20 17:01:03
697,Artie Capper,M,509,88,151,1997,2020-04-20 17:01:03,2020-04-20 17:01:03
698,Ewart Borzone,M,522,88,388,2005,2020-04-20 17:01:03,2020-04-20 17:01:03
699,Gav Brazear,M,523,88,198,1997,2020-04-20 17:01:03,2020-04-20 17:01:03
700,Zared Dace,M,552,88,470,1999,2020-04-20 17:01:03,2020-04-20 17:01:03
701,Yolanthe Dreng,F,597,88,217,1987,2020-04-20 17:01:03,2020-04-20 17:01:03
702,Horace Creigan,M,604,88,326,2001,2020-04-20 17:01:03,2020-04-20 17:01:03
703,Randie Shitliffe,M,650,88,186,2011,2020-04-20 17:01:03,2020-04-20 17:01:03
704,Shelby Shildrick,M,701,88,405,1986,2020-04-20 17:01:03,2020-04-20 17:01:03
705,Alene MacAlpyne,F,706,88,296,2010,2020-04-20 17:01:03,2020-04-20 17:01:03
706,Melinda Lidgely,F,709,88,94,1985,2020-04-20 17:01:03,2020-04-20 17:01:03
707,Alaine Cammock,F,712,88,408,2005,2020-04-20 17:01:03,2020-04-20 17:01:03
708,Giffer Fazackerley,M,715,88,387,1992,2020-04-20 17:01:03,2020-04-20 17:01:03
709,Iolanthe Shillabeare,F,762,88,138,2012,2020-04-20 17:01:03,2020-04-20 17:01:03
710,Lew Klimentyev,M,810,88,490,2008,2020-04-20 17:01:03,2020-04-20 17:01:03
711,Rickey Greguol,M,817,88,74,1994,2020-04-20 17:01:03,2020-04-20 17:01:03
712,Justin Freeth,M,819,88,334,1996,2020-04-20 17:01:03,2020-04-20 17:01:03
713,Rosie Bittlestone,F,821,88,489,2010,2020-04-20 17:01:03,2020-04-20 17:01:03
714,Crawford Biggam,M,846,88,144,2007,2020-04-20 17:01:03,2020-04-20 17:01:03
715,Kim Bratty,F,866,88,123,1997,2020-04-20 17:01:03,2020-04-20 17:01:03
716,Tedda Goscar,F,879,88,360,2004,2020-04-20 17:01:03,2020-04-20 17:01:03
717,Avrit Reston,F,901,88,128,2011,2020-04-20 17:01:03,2020-04-20 17:01:03
718,Moselle Poxton,F,4,89,198,1998,2020-04-20 17:01:03,2020-04-20 17:01:03
719,Carroll Leete,M,15,89,105,2009,2020-04-20 17:01:03,2020-04-20 17:01:03
720,Harrie Braam,F,40,89,351,2008,2020-04-20 17:01:03,2020-04-20 17:01:03
721,Saunders Margeram,M,123,89,333,2004,2020-04-20 17:01:03,2020-04-20 17:01:03
722,Ynez Dudman,F,201,89,498,2011,2020-04-20 17:01:03,2020-04-20 17:01:03
723,Hammad Kovnot,M,273,89,35,2002,2020-04-20 17:01:03,2020-04-20 17:01:03
724,Elysia Poe,F,274,89,359,1994,2020-04-20 17:01:03,2020-04-20 17:01:03
725,Salomon Jasik,M,326,89,179,2007,2020-04-20 17:01:03,2020-04-20 17:01:03
726,Michel Minchindon,M,342,89,437,2006,2020-04-20 17:01:03,2020-04-20 17:01:03
727,Violette Stonier,F,367,89,79,2011,2020-04-20 17:01:03,2020-04-20 17:01:03
728,Roger Pegrum,M,368,89,469,2006,2020-04-20 17:01:03,2020-04-20 17:01:03
729,Deanne Reveland,F,400,89,244,2006,2020-04-20 17:01:03,2020-04-20 17:01:03
730,Kristos Rands,M,406,89,244,2005,2020-04-20 17:01:03,2020-04-20 17:01:03
731,Angy Aireton,F,565,89,173,2009,2020-04-20 17:01:03,2020-04-20 17:01:03
732,Ailsun Lapish,F,566,89,258,2011,2020-04-20 17:01:03,2020-04-20 17:01:03
733,Fan Hartrick,F,579,89,283,1998,2020-04-20 17:01:03,2020-04-20 17:01:03
734,Rosamund Halston,F,630,89,424,2012,2020-04-20 17:01:03,2020-04-20 17:01:03
735,Jaye Cloke,M,637,89,280,1995,2020-04-20 17:01:03,2020-04-20 17:01:03
736,Britteny Leach,F,644,89,412,2005,2020-04-20 17:01:03,2020-04-20 17:01:03
737,Lindsey Davidzon,M,654,89,297,2001,2020-04-20 17:01:03,2020-04-20 17:01:03
738,Dominique Joreau,M,798,89,102,2005,2020-04-20 17:01:03,2020-04-20 17:01:03
739,Billye Gonnin,F,814,89,389,2006,2020-04-20 17:01:03,2020-04-20 17:01:03
740,Shelli Devo,F,829,89,300,2008,2020-04-20 17:01:03,2020-04-20 17:01:03
741,Bevan Hinrichsen,M,867,89,312,2005,2020-04-20 17:01:03,2020-04-20 17:01:03
742,Noby Velte,M,874,89,137,2009,2020-04-20 17:01:03,2020-04-20 17:01:03
743,Ryun Renoden,M,913,89,340,1988,2020-04-20 17:01:03,2020-04-20 17:01:03
744,Gretal Lamb-shine,F,919,89,391,2006,2020-04-20 17:01:03,2020-04-20 17:01:03
745,Brett Blanchflower,F,920,89,61,2004,2020-04-20 17:01:03,2020-04-20 17:01:03
746,Osgood Gillhespy,M,923,89,241,2013,2020-04-20 17:01:03,2020-04-20 17:01:03
747,Petunia Hoyland,F,958,89,283,1987,2020-04-20 17:01:03,2020-04-20 17:01:03
748,Simmonds Danton,M,37,90,225,1996,2020-04-20 17:01:03,2020-04-20 17:01:03
749,Arly Elger,F,55,90,370,2000,2020-04-20 17:01:03,2020-04-20 17:01:03
750,Angel Renfree,M,87,90,479,2002,2020-04-20 17:01:03,2020-04-20 17:01:03
751,Sherill Le Marchant,F,95,90,291,2004,2020-04-20 17:01:03,2020-04-20 17:01:03
752,Kaleena Folbigg,F,102,90,442,2009,2020-04-20 17:01:03,2020-04-20 17:01:03
753,Amos Carlton,M,138,90,31,1993,2020-04-20 17:01:03,2020-04-20 17:01:03
754,Clarence Banstead,M,140,90,410,1984,2020-04-20 17:01:03,2020-04-20 17:01:03
755,Meir Mayers,M,142,90,120,2001,2020-04-20 17:01:03,2020-04-20 17:01:03
756,Keenan Caze,M,184,90,41,1986,2020-04-20 17:01:03,2020-04-20 17:01:03
757,Harmon Merrigans,M,218,90,344,1992,2020-04-20 17:01:03,2020-04-20 17:01:03
758,Slade Gisbey,M,235,90,70,2002,2020-04-20 17:01:03,2020-04-20 17:01:03
759,Robina Rennocks,F,236,90,488,2004,2020-04-20 17:01:03,2020-04-20 17:01:03
760,Birch Fitchett,M,302,90,75,2006,2020-04-20 17:01:03,2020-04-20 17:01:03
761,Barrie Paske,F,438,90,61,2006,2020-04-20 17:01:03,2020-04-20 17:01:03
762,Kenton Woodus,M,442,90,59,1995,2020-04-20 17:01:03,2020-04-20 17:01:03
763,Selie Million,F,489,90,493,2002,2020-04-20 17:01:03,2020-04-20 17:01:03
764,Abie Poulett,M,506,90,363,2008,2020-04-20 17:01:03,2020-04-20 17:01:03
765,Andros Wintour,M,574,90,213,1996,2020-04-20 17:01:03,2020-04-20 17:01:03
766,Agnes Rugg,F,577,90,400,1993,2020-04-20 17:01:03,2020-04-20 17:01:03
767,Esmeralda Karpenko,F,607,90,296,1967,2020-04-20 17:01:03,2020-04-20 17:01:03
768,Michail Brignell,M,628,90,427,1994,2020-04-20 17:01:03,2020-04-20 17:01:03
769,Glenn Reinert,F,660,90,46,2011,2020-04-20 17:01:03,2020-04-20 17:01:03
770,Cristabel Ingledew,F,663,90,457,2008,2020-04-20 17:01:03,2020-04-20 17:01:03
771,Price Keer,M,671,90,110,1993,2020-04-20 17:01:03,2020-04-20 17:01:03
772,Andrea MacDougal,M,678,90,3,1997,2020-04-20 17:01:03,2020-04-20 17:01:03
773,Gae Scones,F,680,90,220,2009,2020-04-20 17:01:03,2020-04-20 17:01:03
774,Gasparo Harby,M,732,90,185,1996,2020-04-20 17:01:03,2020-04-20 17:01:03
775,Israel Keneleyside,M,775,90,491,1994,2020-04-20 17:01:03,2020-04-20 17:01:03
776,Revkah Greenman,F,776,90,411,1993,2020-04-20 17:01:03,2020-04-20 17:01:03
777,Lyn Brownlee,M,856,90,109,1999,2020-04-20 17:01:03,2020-04-20 17:01:03
778,Mayne Lucus,M,892,90,305,2001,2020-04-20 17:01:03,2020-04-20 17:01:03
779,Marion Torel,M,897,90,211,2006,2020-04-20 17:01:03,2020-04-20 17:01:03
780,Tommie Murfett,F,898,90,297,2011,2020-04-20 17:01:03,2020-04-20 17:01:03
781,Wilmar Monckman,M,695,91,446,1997,2020-04-20 17:01:03,2020-04-20 17:01:03
782,Ramsey Dionisi,M,97,92,492,2013,2020-04-20 17:01:03,2020-04-20 17:01:03
783,Vail Duff,M,156,92,311,2006,2020-04-20 17:01:03,2020-04-20 17:01:03
784,Kayley Palfrey,F,162,92,101,2005,2020-04-20 17:01:03,2020-04-20 17:01:03
785,Arvie Pero,M,222,92,312,2004,2020-04-20 17:01:03,2020-04-20 17:01:03
786,Maurita Jennaway,F,271,92,229,2012,2020-04-20 17:01:03,2020-04-20 17:01:03
787,Daffi Foulcher,F,272,92,153,2003,2020-04-20 17:01:03,2020-04-20 17:01:03
788,Daffie Krienke,F,277,92,270,2007,2020-04-20 17:01:03,2020-04-20 17:01:03
789,Weylin Grebbin,M,373,92,149,1992,2020-04-20 17:01:03,2020-04-20 17:01:03
790,Dyna Hakewell,F,385,92,170,2011,2020-04-20 17:01:03,2020-04-20 17:01:03
791,Roselia Berling,F,389,92,168,2010,2020-04-20 17:01:03,2020-04-20 17:01:03
792,Philbert Prew,M,390,92,134,2004,2020-04-20 17:01:03,2020-04-20 17:01:03
793,Rorke Terlinden,M,399,92,211,1998,2020-04-20 17:01:03,2020-04-20 17:01:03
794,Erhard Taber,M,405,92,227,2001,2020-04-20 17:01:03,2020-04-20 17:01:03
795,Bartholomeus Mapledorum,M,415,92,86,1992,2020-04-20 17:01:03,2020-04-20 17:01:03
796,Wes Brickstock,M,419,92,141,2009,2020-04-20 17:01:03,2020-04-20 17:01:03
797,Mamie Albinson,F,424,92,194,2005,2020-04-20 17:01:03,2020-04-20 17:01:03
798,Kincaid Shimuk,M,425,92,277,1994,2020-04-20 17:01:03,2020-04-20 17:01:03
799,Kimbra Southerns,F,426,92,94,1984,2020-04-20 17:01:03,2020-04-20 17:01:03
800,Murial Czajkowski,F,428,92,233,2010,2020-04-20 17:01:03,2020-04-20 17:01:03
801,Mersey Kirkup,F,519,92,415,1993,2020-04-20 17:01:03,2020-04-20 17:01:03
802,Skip Endrighi,M,534,92,14,2004,2020-04-20 17:01:03,2020-04-20 17:01:03
803,Jonas Poge,M,556,92,121,1987,2020-04-20 17:01:03,2020-04-20 17:01:03
804,Ingunna Fetter,F,562,92,143,1992,2020-04-20 17:01:03,2020-04-20 17:01:03
805,Vanny O'Drought,F,563,92,344,2001,2020-04-20 17:01:03,2020-04-20 17:01:03
806,Conrade Dedney,M,564,92,23,2004,2020-04-20 17:01:03,2020-04-20 17:01:03
807,Wally Mincini,M,582,92,257,2003,2020-04-20 17:01:03,2020-04-20 17:01:03
808,Tabb Taylour,M,585,92,498,2000,2020-04-20 17:01:03,2020-04-20 17:01:03
809,Grata Charlon,F,609,92,294,2009,2020-04-20 17:01:03,2020-04-20 17:01:03
810,Stanislas Goodrum,M,614,92,213,1992,2020-04-20 17:01:03,2020-04-20 17:01:03
811,Jecho Farmer,M,633,92,280,1996,2020-04-20 17:01:03,2020-04-20 17:01:03
812,Ava Rouf,F,641,92,436,2012,2020-04-20 17:01:03,2020-04-20 17:01:03
813,Wilt Derrell,M,643,92,303,1995,2020-04-20 17:01:03,2020-04-20 17:01:03
814,Rolph Legerwood,M,674,92,110,1990,2020-04-20 17:01:03,2020-04-20 17:01:03
815,Randa Garnul,F,685,92,287,2003,2020-04-20 17:01:03,2020-04-20 17:01:03
816,Virginie Houseago,F,685,92,177,1986,2020-04-20 17:01:03,2020-04-20 17:01:03
817,Debera Penrose,F,688,92,318,2012,2020-04-20 17:01:03,2020-04-20 17:01:03
818,Tonia Smalcombe,F,692,92,110,2001,2020-04-20 17:01:03,2020-04-20 17:01:03
819,Antoni Robelet,M,725,92,386,1993,2020-04-20 17:01:03,2020-04-20 17:01:03
820,Karoline Grioli,F,736,92,194,1995,2020-04-20 17:01:03,2020-04-20 17:01:03
821,Henrietta Francescone,F,737,92,41,1991,2020-04-20 17:01:03,2020-04-20 17:01:03
822,Vin Ghest,M,749,92,461,2011,2020-04-20 17:01:03,2020-04-20 17:01:03
823,Welby Bohills,M,763,92,110,1995,2020-04-20 17:01:03,2020-04-20 17:01:03
824,Blithe Oakwell,F,780,92,102,1999,2020-04-20 17:01:03,2020-04-20 17:01:03
825,Bride Cockran,F,786,92,144,2006,2020-04-20 17:01:03,2020-04-20 17:01:03
826,Riobard Ithell,M,792,92,249,1989,2020-04-20 17:01:03,2020-04-20 17:01:03
827,Ebony Karim,F,795,92,361,2000,2020-04-20 17:01:03,2020-04-20 17:01:03
828,Godwin Stellman,M,797,92,289,1994,2020-04-20 17:01:03,2020-04-20 17:01:03
829,Aurelea Cluett,F,807,92,331,2007,2020-04-20 17:01:03,2020-04-20 17:01:03
830,Kali Burgin,F,812,92,323,2000,2020-04-20 17:01:03,2020-04-20 17:01:03
831,Lyssa Filinkov,F,815,92,211,2009,2020-04-20 17:01:03,2020-04-20 17:01:03
832,Kippie Pryde,F,836,92,331,2004,2020-04-20 17:01:03,2020-04-20 17:01:03
833,Fanya Fischer,F,854,92,116,1995,2020-04-20 17:01:03,2020-04-20 17:01:03
834,Hildagard Beynon,F,855,92,357,2003,2020-04-20 17:01:03,2020-04-20 17:01:03
835,Wilden Cast,M,882,92,35,2010,2020-04-20 17:01:03,2020-04-20 17:01:03
836,Agneta Cluckie,F,883,92,36,1997,2020-04-20 17:01:03,2020-04-20 17:01:03
837,Corney Van der Merwe,M,893,92,366,2002,2020-04-20 17:01:03,2020-04-20 17:01:03
838,Danny Pietrzyk,F,907,92,350,1986,2020-04-20 17:01:03,2020-04-20 17:01:03
839,Jena Yantsev,F,944,92,116,2006,2020-04-20 17:01:03,2020-04-20 17:01:03
840,Jonah Wrate,M,946,92,144,1996,2020-04-20 17:01:03,2020-04-20 17:01:03
841,Worthington Mordaunt,M,957,92,104,2011,2020-04-20 17:01:03,2020-04-20 17:01:03
842,Cale Barfield,M,693,93,232,2003,2020-04-20 17:01:03,2020-04-20 17:01:03
843,Mathew Stubbin,M,634,94,69,1988,2020-04-20 17:01:03,2020-04-20 17:01:03
844,Fiona Diperaus,F,250,95,299,2012,2020-04-20 17:01:03,2020-04-20 17:01:03
845,Ailyn O'Bradden,F,344,95,423,2011,2020-04-20 17:01:03,2020-04-20 17:01:03
846,Sophie Lytle,F,427,95,110,1999,2020-04-20 17:01:03,2020-04-20 17:01:03
847,Duffy Goacher,M,555,95,284,2011,2020-04-20 17:01:03,2020-04-20 17:01:03
848,Avie Sapshed,F,560,95,349,1998,2020-04-20 17:01:03,2020-04-20 17:01:03
849,Giraud Whoolehan,M,813,95,432,2000,2020-04-20 17:01:03,2020-04-20 17:01:03
850,Leopold Fawcett,M,144,96,216,2000,2020-04-20 17:01:03,2020-04-20 17:01:03
851,Kimball Schrieves,M,448,96,169,2003,2020-04-20 17:01:03,2020-04-20 17:01:03
852,Enrico Tesyro,M,451,96,438,1958,2020-04-20 17:01:03,2020-04-20 17:01:03
853,Rogers Maginn,M,467,96,460,1987,2020-04-20 17:01:03,2020-04-20 17:01:03
854,Otis Czyz,M,472,96,154,2009,2020-04-20 17:01:03,2020-04-20 17:01:03
855,Dewain Cuzen,M,512,96,343,2002,2020-04-20 17:01:03,2020-04-20 17:01:03
856,Christian Orrell,M,895,96,120,2001,2020-04-20 17:01:03,2020-04-20 17:01:03
857,Leann Claxton,F,18,97,344,1987,2020-04-20 17:01:03,2020-04-20 17:01:03
858,Janet Gorelli,F,63,97,433,1997,2020-04-20 17:01:03,2020-04-20 17:01:03
859,Shaine Guilbert,M,175,97,502,2004,2020-04-20 17:01:03,2020-04-20 17:01:03
860,Merwin Crutchley,M,203,97,153,2004,2020-04-20 17:01:03,2020-04-20 17:01:03
861,Cherianne Bukac,F,580,97,339,1993,2020-04-20 17:01:03,2020-04-20 17:01:03
862,Thomasin Beedie,F,646,98,50,1993,2020-04-20 17:01:03,2020-04-20 17:01:03
863,Waring Luisetti,M,784,98,357,2000,2020-04-20 17:01:03,2020-04-20 17:01:03
864,Veriee Jurasz,F,130,99,373,2009,2020-04-20 17:01:03,2020-04-20 17:01:03
865,Corella Bosse,F,264,99,212,2009,2020-04-20 17:01:03,2020-04-20 17:01:03
866,Skipp Noury,M,335,99,51,1992,2020-04-20 17:01:03,2020-04-20 17:01:03
867,Ilyse Monahan,F,592,99,284,2008,2020-04-20 17:01:03,2020-04-20 17:01:03
868,Delphinia Roggieri,F,745,100,50,1992,2020-04-20 17:01:03,2020-04-20 17:01:03
869,Gwynne Gommery,F,12,101,262,2002,2020-04-20 17:01:03,2020-04-20 17:01:03
870,Ansley Pennini,F,43,102,286,2006,2020-04-20 17:01:03,2020-04-20 17:01:03
871,Madlin Defraine,F,100,102,472,2009,2020-04-20 17:01:03,2020-04-20 17:01:03
872,Vickie Stadden,F,290,102,205,1992,2020-04-20 17:01:03,2020-04-20 17:01:03
873,Leigha Tuplin,F,304,102,342,1998,2020-04-20 17:01:03,2020-04-20 17:01:03
874,Townie Cargill,M,361,102,78,1985,2020-04-20 17:01:03,2020-04-20 17:01:03
875,Maud Danieli,F,361,102,267,2006,2020-04-20 17:01:03,2020-04-20 17:01:03
876,Jarib Waggett,M,393,102,99,1995,2020-04-20 17:01:03,2020-04-20 17:01:03
877,Rosamond Grayne,F,407,102,413,1993,2020-04-20 17:01:03,2020-04-20 17:01:03
878,Inga Selwyn,F,429,102,378,2002,2020-04-20 17:01:03,2020-04-20 17:01:03
879,Saleem Lorkings,M,461,102,474,2001,2020-04-20 17:01:03,2020-04-20 17:01:03
880,Stanleigh Liggens,M,462,102,401,2005,2020-04-20 17:01:03,2020-04-20 17:01:03
881,Shea Carslaw,F,481,102,124,1988,2020-04-20 17:01:03,2020-04-20 17:01:03
882,Base Wheeldon,M,481,102,401,2011,2020-04-20 17:01:03,2020-04-20 17:01:03
883,Derril Bevington,M,670,102,400,1985,2020-04-20 17:01:03,2020-04-20 17:01:03
884,Joseito Obbard,M,699,102,114,2011,2020-04-20 17:01:03,2020-04-20 17:01:03
885,Mollie Iceton,F,772,102,113,1996,2020-04-20 17:01:03,2020-04-20 17:01:03
886,Gracia Kinghorn,F,773,102,207,1991,2020-04-20 17:01:03,2020-04-20 17:01:03
887,Catha Colebrook,F,782,102,479,2008,2020-04-20 17:01:03,2020-04-20 17:01:03
888,Willem Le Clercq,M,796,102,379,2010,2020-04-20 17:01:03,2020-04-20 17:01:03
889,Gunar Trembey,M,796,102,253,1985,2020-04-20 17:01:03,2020-04-20 17:01:03
890,Justinn Lyttle,F,844,102,139,1994,2020-04-20 17:01:03,2020-04-20 17:01:03
891,Joana Surcombe,F,894,102,183,1986,2020-04-20 17:01:03,2020-04-20 17:01:03
892,Evaleen Kruszelnicki,F,909,102,433,1997,2020-04-20 17:01:03,2020-04-20 17:01:03
893,Kattie Blaker,F,48,103,207,2011,2020-04-20 17:01:03,2020-04-20 17:01:03
894,Ivor Izak,M,78,103,185,1987,2020-04-20 17:01:03,2020-04-20 17:01:03
895,Nolly Coveny,M,206,103,190,2009,2020-04-20 17:01:03,2020-04-20 17:01:03
896,Laurens Fenna,M,370,103,427,1994,2020-04-20 17:01:03,2020-04-20 17:01:03
897,Rhiamon Sommerlin,F,240,104,158,2011,2020-04-20 17:01:03,2020-04-20 17:01:03
898,Aigneis Gillet,F,161,105,252,1988,2020-04-20 17:01:03,2020-04-20 17:01:03
899,Finley Pilcher,M,511,105,63,2012,2020-04-20 17:01:03,2020-04-20 17:01:03
900,Vanessa Pohl,F,122,106,47,2007,2020-04-20 17:01:03,2020-04-20 17:01:03
901,Cheri Lytle,F,260,106,15,1997,2020-04-20 17:01:03,2020-04-20 17:01:03
902,Cori Dudley,M,323,106,235,2007,2020-04-20 17:01:03,2020-04-20 17:01:03
903,Jillene Bassil,F,491,106,421,1998,2020-04-20 17:01:03,2020-04-20 17:01:03
904,Donal Sibthorpe,M,491,106,328,2008,2020-04-20 17:01:03,2020-04-20 17:01:03
905,Delmor Jelfs,M,493,106,449,1994,2020-04-20 17:01:03,2020-04-20 17:01:03
906,Evelina Look,F,524,106,188,2007,2020-04-20 17:01:03,2020-04-20 17:01:03
907,Yehudit Beavors,M,533,106,498,2003,2020-04-20 17:01:03,2020-04-20 17:01:03
908,Pearline Stephens,F,554,106,282,1998,2020-04-20 17:01:03,2020-04-20 17:01:03
909,Josiah Ivons,M,557,106,37,1997,2020-04-20 17:01:03,2020-04-20 17:01:03
910,Bendicty Trouncer,M,571,106,326,1998,2020-04-20 17:01:03,2020-04-20 17:01:03
911,Tobit Readshaw,M,66,107,265,2003,2020-04-20 17:01:03,2020-04-20 17:01:03
912,Fons Gentreau,M,67,107,106,2005,2020-04-20 17:01:03,2020-04-20 17:01:03
913,Hurley Loyd,M,148,107,462,2002,2020-04-20 17:01:03,2020-04-20 17:01:03
914,Bernadine Fancy,F,148,107,467,1992,2020-04-20 17:01:03,2020-04-20 17:01:03
915,Euphemia Shearn,F,153,107,417,2012,2020-04-20 17:01:03,2020-04-20 17:01:03
916,Michel Brayshaw,M,163,107,406,2002,2020-04-20 17:01:03,2020-04-20 17:01:03
917,Bertrando Plewman,M,369,107,230,2009,2020-04-20 17:01:03,2020-04-20 17:01:03
918,Amelina Kefford,F,380,107,180,1996,2020-04-20 17:01:03,2020-04-20 17:01:03
919,Marten Rabat,M,381,107,213,1974,2020-04-20 17:01:03,2020-04-20 17:01:03
920,Ignaz Poulsum,M,539,107,399,1993,2020-04-20 17:01:03,2020-04-20 17:01:03
921,Ailene Scutter,F,541,107,18,1986,2020-04-20 17:01:03,2020-04-20 17:01:03
922,Dalila Syplus,F,616,107,485,2011,2020-04-20 17:01:03,2020-04-20 17:01:03
923,Murdock Terbeek,M,617,107,35,2011,2020-04-20 17:01:03,2020-04-20 17:01:03
924,Pasquale Calender,M,729,107,163,2004,2020-04-20 17:01:03,2020-04-20 17:01:03
925,Dina Chipperfield,F,757,107,398,2008,2020-04-20 17:01:03,2020-04-20 17:01:03
926,Jaye Bitterton,M,808,107,373,2005,2020-04-20 17:01:03,2020-04-20 17:01:03
927,Sharon Caccavari,F,809,107,311,1995,2020-04-20 17:01:03,2020-04-20 17:01:03
928,Micheal Juggins,M,841,107,452,1985,2020-04-20 17:01:03,2020-04-20 17:01:03
929,Royal Camps,M,842,107,430,1993,2020-04-20 17:01:03,2020-04-20 17:01:03
930,Teodoro Merton,M,98,108,325,2011,2020-04-20 17:01:03,2020-04-20 17:01:03
931,Jerome Jodrelle,M,355,108,425,2009,2020-04-20 17:01:03,2020-04-20 17:01:03
932,Kassia Eaglen,F,861,109,311,2004,2020-04-20 17:01:03,2020-04-20 17:01:03
933,Rolf Scocroft,M,375,110,382,2007,2020-04-20 17:01:03,2020-04-20 17:01:03
934,Tommy Gymblett,F,392,110,17,2010,2020-04-20 17:01:03,2020-04-20 17:01:03
935,Otha Bly,F,397,110,379,2011,2020-04-20 17:01:03,2020-04-20 17:01:03
936,Gus Soares,F,430,110,323,1999,2020-04-20 17:01:03,2020-04-20 17:01:03
937,Tabbie Cumpton,M,484,110,278,1999,2020-04-20 17:01:03,2020-04-20 17:01:03
938,Calley Gorger,F,549,110,145,1990,2020-04-20 17:01:03,2020-04-20 17:01:03
939,Robinette Bortoloni,F,388,111,475,1995,2020-04-20 17:01:03,2020-04-20 17:01:03
940,Quinton Landrean,M,409,111,296,2010,2020-04-20 17:01:03,2020-04-20 17:01:03
941,Rachel Ballister,F,414,111,255,2012,2020-04-20 17:01:03,2020-04-20 17:01:03
942,Rozalie Metschke,F,514,111,125,2004,2020-04-20 17:01:03,2020-04-20 17:01:03
943,Barty Izzard,M,610,111,454,1995,2020-04-20 17:01:03,2020-04-20 17:01:03
944,Cozmo Onele,M,728,111,120,1987,2020-04-20 17:01:03,2020-04-20 17:01:03
945,Tirrell Cains,M,750,111,30,2004,2020-04-20 17:01:03,2020-04-20 17:01:03
946,Kermy Whorall,M,794,111,176,2009,2020-04-20 17:01:03,2020-04-20 17:01:03
947,Caty Branchett,F,880,111,428,1994,2020-04-20 17:01:03,2020-04-20 17:01:03
948,Morton Garahan,M,908,111,245,1995,2020-04-20 17:01:03,2020-04-20 17:01:03
949,Maddy Cossans,F,537,112,440,2009,2020-04-20 17:01:03,2020-04-20 17:01:03
950,Ronnie Boundey,M,1,113,307,2002,2020-04-20 17:01:03,2020-04-20 17:01:03
951,Kasper Mongenot,M,165,113,326,1999,2020-04-20 17:01:03,2020-04-20 17:01:03
952,Talbert Gaskins,M,450,113,194,1996,2020-04-20 17:01:03,2020-04-20 17:01:03
953,Freedman Joesbury,M,498,113,164,1987,2020-04-20 17:01:03,2020-04-20 17:01:03
954,Merrel Caldwell,M,45,114,149,2000,2020-04-20 17:01:03,2020-04-20 17:01:03
955,Corilla Maleney,F,76,114,85,1994,2020-04-20 17:01:03,2020-04-20 17:01:03
956,Pammie Fatkin,F,116,114,335,2000,2020-04-20 17:01:03,2020-04-20 17:01:03
957,Chickie Dederich,M,154,114,59,2004,2020-04-20 17:01:03,2020-04-20 17:01:03
958,Michail Kenset,M,160,114,259,2010,2020-04-20 17:01:03,2020-04-20 17:01:03
959,Sergei Chansonnau,M,168,114,501,1997,2020-04-20 17:01:03,2020-04-20 17:01:03
960,Kriste Burnard,F,168,114,455,2006,2020-04-20 17:01:03,2020-04-20 17:01:03
961,Dwight Goodrick,M,237,114,381,2006,2020-04-20 17:01:03,2020-04-20 17:01:03
962,Edith Evans,F,243,114,309,1999,2020-04-20 17:01:03,2020-04-20 17:01:03
963,Domeniga Poulston,F,249,114,74,1967,2020-04-20 17:01:03,2020-04-20 17:01:03
964,Raff Monkley,M,276,114,17,2010,2020-04-20 17:01:03,2020-04-20 17:01:03
965,Brina Bransom,F,441,114,332,2001,2020-04-20 17:01:03,2020-04-20 17:01:03
966,Gearard Alonso,M,457,114,175,1999,2020-04-20 17:01:03,2020-04-20 17:01:03
967,Clayborn Towll,M,521,114,149,2002,2020-04-20 17:01:03,2020-04-20 17:01:03
968,Almeria Cossins,F,550,114,247,1999,2020-04-20 17:01:03,2020-04-20 17:01:03
969,Saxon Wallington,M,575,114,400,1994,2020-04-20 17:01:03,2020-04-20 17:01:03
970,Andria Manville,F,605,114,352,1991,2020-04-20 17:01:03,2020-04-20 17:01:03
971,Melanie MacIlriach,F,618,114,174,1992,2020-04-20 17:01:03,2020-04-20 17:01:03
972,Rebekkah Wornum,F,620,114,462,2002,2020-04-20 17:01:03,2020-04-20 17:01:03
973,Tailor McJarrow,M,727,114,434,2004,2020-04-20 17:01:03,2020-04-20 17:01:03
974,Claudell Di Frisco,M,730,114,184,2012,2020-04-20 17:01:03,2020-04-20 17:01:03
975,Darnell Cordelet,M,787,114,453,1996,2020-04-20 17:01:03,2020-04-20 17:01:03
976,Miguelita Emberton,F,911,114,451,1994,2020-04-20 17:01:03,2020-04-20 17:01:03
977,Maren Tilt,F,85,115,375,1992,2020-04-20 17:01:03,2020-04-20 17:01:03
978,Boothe Caselli,M,365,115,20,1998,2020-04-20 17:01:03,2020-04-20 17:01:03
979,Jessamine Stealfox,F,778,115,361,2002,2020-04-20 17:01:03,2020-04-20 17:01:03
980,Sullivan Labrum,M,741,116,260,2010,2020-04-20 17:01:03,2020-04-20 17:01:03
981,Celinda Nancarrow,F,770,116,33,1993,2020-04-20 17:01:03,2020-04-20 17:01:03
982,Arlin Balmann,M,71,117,140,2000,2020-04-20 17:01:03,2020-04-20 17:01:03
983,Zebulon Kinsell,M,103,117,485,2009,2020-04-20 17:01:03,2020-04-20 17:01:03
984,Boyd Samett,M,188,117,44,2008,2020-04-20 17:01:03,2020-04-20 17:01:03
985,Matthiew Luis,M,446,117,60,2001,2020-04-20 17:01:03,2020-04-20 17:01:03
986,Fidel Lambart,M,131,118,250,2005,2020-04-20 17:01:03,2020-04-20 17:01:03
987,Elenore McConnachie,F,220,118,187,2010,2020-04-20 17:01:03,2020-04-20 17:01:03
988,Caroline Draxford,F,395,118,94,2004,2020-04-20 17:01:03,2020-04-20 17:01:03
989,Barbara Itzhak,F,470,118,338,1992,2020-04-20 17:01:03,2020-04-20 17:01:03
990,Raynor Saunter,M,526,118,271,1984,2020-04-20 17:01:03,2020-04-20 17:01:03
991,Elsie Towndrow,F,615,118,499,2003,2020-04-20 17:01:03,2020-04-20 17:01:03
992,Winn Broxis,M,619,118,471,2004,2020-04-20 17:01:03,2020-04-20 17:01:03
993,Leonhard Simonian,M,840,118,77,1992,2020-04-20 17:01:03,2020-04-20 17:01:03
994,Nessa Beadham,F,906,118,452,1986,2020-04-20 17:01:03,2020-04-20 17:01:03
995,Gallard O'Brogan,M,947,118,142,1999,2020-04-20 17:01:03,2020-04-20 17:01:03
996,Dixie Vickress,F,8,119,311,1992,2020-04-20 17:01:03,2020-04-20 17:01:03
997,Maureene Dyhouse,F,112,119,93,1995,2020-04-20 17:01:03,2020-04-20 17:01:03
998,Llewellyn Prayer,M,449,119,172,2001,2020-04-20 17:01:03,2020-04-20 17:01:03
999,Nolie Gossan,F,330,120,10,1992,2020-04-20 17:01:03,2020-04-20 17:01:03
1000,Flori Brodeur,F,145,121,494,2006,2020-04-20 17:01:03,2020-04-20 17:01:03
